key	cur	book	grade	unit	title
iran:G01_riazi_aval:1:5691a2	iran	G01_riazi_aval	1	بخش ۱	بخش ۱
iran:G01_riazi_aval:2:480edd	iran	G01_riazi_aval	1	بخش ۲	بخش ۲
iran:G01_riazi_aval:3:3eb3f9	iran	G01_riazi_aval	1	بخش ۳	بخش ۳
iran:G01_riazi_aval:4:d8d71e	iran	G01_riazi_aval	1	بخش ۴	بخش ۴
iran:G01_riazi_aval:5:be6b95	iran	G01_riazi_aval	1	بخش ۵	بخش ۵
iran:G01_riazi_aval:6:b96cd5	iran	G01_riazi_aval	1	بخش ۶	بخش ۶
iran:G01_riazi_aval:7:0a31c2	iran	G01_riazi_aval	1	بخش ۷	بخش ۷
iran:G01_riazi_aval:8:428943	iran	G01_riazi_aval	1	بخش ۸	بخش ۸
iran:G01_riazi_aval:9:bd850a	iran	G01_riazi_aval	1	بخش ۹	بخش ۹
iran:G01_riazi_aval:10:3c7e5e	iran	G01_riazi_aval	1	بخش ۱۰	بخش ۱۰
iran:G01_riazi_aval:11:5e7a07	iran	G01_riazi_aval	1	بخش ۱۱	بخش ۱۱
iran:G01_riazi_aval:12:ad5987	iran	G01_riazi_aval	1	بخش ۱۲	بخش ۱۲
iran:G01_riazi_aval:13:b6d508	iran	G01_riazi_aval	1	بخش ۱۳	بخش ۱۳
iran:G01_riazi_aval:14:c301d1	iran	G01_riazi_aval	1	بخش ۱۴	بخش ۱۴
iran:G01_riazi_aval:15:c82d22	iran	G01_riazi_aval	1	بخش ۱۵	بخش ۱۵
iran:G01_riazi_aval:16:8580e4	iran	G01_riazi_aval	1	بخش ۱۶	بخش ۱۶
iran:G01_riazi_aval:17:12b5cb	iran	G01_riazi_aval	1	بخش ۱۷	بخش ۱۷
iran:G01_riazi_aval:18:83cae4	iran	G01_riazi_aval	1	بخش ۱۸	بخش ۱۸
iran:G01_riazi_aval:19:663345	iran	G01_riazi_aval	1	بخش ۱۹	بخش ۱۹
iran:G01_riazi_aval:20:a86001	iran	G01_riazi_aval	1	بخش ۲۰	بخش ۲۰
iran:G01_riazi_aval:21:36991b	iran	G01_riazi_aval	1	بخش ۲۱	بخش ۲۱
iran:G01_riazi_aval:22:f782a5	iran	G01_riazi_aval	1	بخش ۲۲	بخش ۲۲
iran:G01_riazi_aval:23:27d625	iran	G01_riazi_aval	1	بخش ۲۳	بخش ۲۳
iran:G01_riazi_aval:24:6410f7	iran	G01_riazi_aval	1	بخش ۲۴	بخش ۲۴
iran:G01_riazi_aval:25:c3db16	iran	G01_riazi_aval	1	بخش ۲۵	بخش ۲۵
iran:G02_riazi_dovom:1:5bbf1a	iran	G02_riazi_dovom	2	فصل ۱: عدد و رقم	عدد و شمارش
iran:G02_riazi_dovom:1:18722e	iran	G02_riazi_dovom	2	فصل ۱: عدد و رقم	دسته‌های ده‌تایی و یکی
iran:G02_riazi_dovom:1:4cb059	iran	G02_riazi_dovom	2	فصل ۱: عدد و رقم	حلّ مسئله: رسم شکل
iran:G02_riazi_dovom:1:cf1239	iran	G02_riazi_dovom	2	فصل ۱: عدد و رقم	جمع و تفریق
iran:G02_riazi_dovom:1:c893b4	iran	G02_riazi_dovom	2	فصل ۱: عدد و رقم	شمارش چند تا چند تا
iran:G02_riazi_dovom:2:e7ed2c	iran	G02_riazi_dovom	2	فصل ۲: جمع و تفریق اعداد دو رقمی	جمع و تفریق ده‌تایی
iran:G02_riazi_dovom:2:cf1239	iran	G02_riazi_dovom	2	فصل ۲: جمع و تفریق اعداد دو رقمی	جمع و تفریق
iran:G02_riazi_dovom:2:3ab258	iran	G02_riazi_dovom	2	فصل ۲: جمع و تفریق اعداد دو رقمی	حلّ مسئله: الگوسازی
iran:G02_riazi_dovom:2:e3895c	iran	G02_riazi_dovom	2	فصل ۲: جمع و تفریق اعداد دو رقمی	جمع و تفریق دو عدد دو رقمی
iran:G02_riazi_dovom:2:70a819	iran	G02_riazi_dovom	2	فصل ۲: جمع و تفریق اعداد دو رقمی	جمع و تفریق دو عدد (ادامه)
iran:G02_riazi_dovom:3:c470a7	iran	G02_riazi_dovom	2	فصل ۳: اشکال هندسی	یادآوری شکل‌های هندسی
iran:G02_riazi_dovom:3:5a903b	iran	G02_riazi_dovom	2	فصل ۳: اشکال هندسی	روابط بین شکل‌ها
iran:G02_riazi_dovom:3:826d29	iran	G02_riazi_dovom	2	فصل ۳: اشکال هندسی	حلّ مسئله: الگویابی
iran:G02_riazi_dovom:3:0aa0bb	iran	G02_riazi_dovom	2	فصل ۳: اشکال هندسی	تقارن
iran:G02_riazi_dovom:3:23cd95	iran	G02_riazi_dovom	2	فصل ۳: اشکال هندسی	تقارن (ادامه)
iran:G02_riazi_dovom:4:403018	iran	G02_riazi_dovom	2	فصل ۴: عددهای سه رقمی	معرّفی پول
iran:G02_riazi_dovom:4:bfa340	iran	G02_riazi_dovom	2	فصل ۴: عددهای سه رقمی	معرّفی عددهای سه رقمی
iran:G02_riazi_dovom:4:8a6726	iran	G02_riazi_dovom	2	فصل ۴: عددهای سه رقمی	حلّ مسئله: حذف حالت‌های نامطلوب
iran:G02_riazi_dovom:4:ab1e56	iran	G02_riazi_dovom	2	فصل ۴: عددهای سه رقمی	تقریب اعداد سه رقمی
iran:G02_riazi_dovom:4:3bd259	iran	G02_riazi_dovom	2	فصل ۴: عددهای سه رقمی	آمادگی برای جمع و تفریق
iran:G02_riazi_dovom:5:620abf	iran	G02_riazi_dovom	2	فصل ۵: اندازه‌گیری	اندازه‌گیری طول
iran:G02_riazi_dovom:5:63aac5	iran	G02_riazi_dovom	2	فصل ۵: اندازه‌گیری	اندازه‌گیری دقیق‌تر
iran:G02_riazi_dovom:5:3fcf74	iran	G02_riazi_dovom	2	فصل ۵: اندازه‌گیری	حلّ مسئله: حدس و آزمایش
iran:G02_riazi_dovom:5:951162	iran	G02_riazi_dovom	2	فصل ۵: اندازه‌گیری	واحد سانتی‌متر
iran:G02_riazi_dovom:5:fe765f	iran	G02_riazi_dovom	2	فصل ۵: اندازه‌گیری	واحد میلی‌متر
iran:G02_riazi_dovom:6:4ee2dd	iran	G02_riazi_dovom	2	فصل ۶: جمع و تفریق اعداد سه رقمی	مقایسه‌ی اعداد
iran:G02_riazi_dovom:6:285a4a	iran	G02_riazi_dovom	2	فصل ۶: جمع و تفریق اعداد سه رقمی	جمع و تفریق عددهای سه رقمی
iran:G02_riazi_dovom:6:c63715	iran	G02_riazi_dovom	2	فصل ۶: جمع و تفریق اعداد سه رقمی	حلّ مسئله: زیر مسئله
iran:G02_riazi_dovom:6:3d0697	iran	G02_riazi_dovom	2	فصل ۶: جمع و تفریق اعداد سه رقمی	جمع در جدول ارزش مکانی
iran:G02_riazi_dovom:6:4dae7f	iran	G02_riazi_dovom	2	فصل ۶: جمع و تفریق اعداد سه رقمی	تفریق در جدول ارزش مکانی
iran:G02_riazi_dovom:7:664701	iran	G02_riazi_dovom	2	فصل ۷: کسر و احتمال	قسمتی از یک واحد
iran:G02_riazi_dovom:7:3a3d0b	iran	G02_riazi_dovom	2	فصل ۷: کسر و احتمال	آشنایی با کسر
iran:G02_riazi_dovom:7:cbc847	iran	G02_riazi_dovom	2	فصل ۷: کسر و احتمال	حلّ مسئله: حلّ مسئله‌ی ساده‌تر
iran:G02_riazi_dovom:7:6b42e6	iran	G02_riazi_dovom	2	فصل ۷: کسر و احتمال	مفهوم احتمال
iran:G02_riazi_dovom:7:332a93	iran	G02_riazi_dovom	2	فصل ۷: کسر و احتمال	کسر و احتمال
iran:G02_riazi_dovom:8:6b48f8	iran	G02_riazi_dovom	2	فصل ۸: آمار و نمودار	سرشماری
iran:G02_riazi_dovom:8:cfba95	iran	G02_riazi_dovom	2	فصل ۸: آمار و نمودار	نمودار ستونی
iran:G02_riazi_dovom:8:e660ad	iran	G02_riazi_dovom	2	فصل ۸: آمار و نمودار	حلّ مسئله: روش نمادین
iran:G02_riazi_dovom:8:7fab8a	iran	G02_riazi_dovom	2	فصل ۸: آمار و نمودار	نمودار تصویری
iran:G02_riazi_dovom:8:3147c8	iran	G02_riazi_dovom	2	فصل ۸: آمار و نمودار	انتخاب نمودار
iran:G03_riazi_sevom:1:826d29	iran	G03_riazi_sevom	3	فصل ۱: الگوها	حلّ مسئله: الگویابی
iran:G03_riazi_sevom:1:7b03a8	iran	G03_riazi_sevom	3	فصل ۱: الگوها	شمارش چندتا چندتا
iran:G03_riazi_sevom:1:56c0d6	iran	G03_riazi_sevom	3	فصل ۱: الگوها	ماشین‌های ورودی ــ خروجی
iran:G03_riazi_sevom:1:0266e2	iran	G03_riazi_sevom	3	فصل ۱: الگوها	ساعت در بعدازظهر
iran:G03_riazi_sevom:1:f0bca5	iran	G03_riazi_sevom	3	فصل ۱: الگوها	الگوهای متقارن
iran:G03_riazi_sevom:2:3ab258	iran	G03_riazi_sevom	3	فصل ۲: عددهای چهار رقمی	حلّ مسئله: الگوسازی
iran:G03_riazi_sevom:2:cad0a8	iran	G03_riazi_sevom	3	فصل ۲: عددهای چهار رقمی	معرّفی عدد هزار
iran:G03_riazi_sevom:2:1810d5	iran	G03_riazi_sevom	3	فصل ۲: عددهای چهار رقمی	ارزش مکانی
iran:G03_riazi_sevom:2:0c2489	iran	G03_riazi_sevom	3	فصل ۲: عددهای چهار رقمی	ارزش پول
iran:G03_riazi_sevom:2:4a3797	iran	G03_riazi_sevom	3	فصل ۲: عددهای چهار رقمی	تقریب اعداد
iran:G03_riazi_sevom:3:4cb059	iran	G03_riazi_sevom	3	فصل ۳: عددهای کسری	حلّ مسئله: رسم شکل
iran:G03_riazi_sevom:3:b7f195	iran	G03_riazi_sevom	3	فصل ۳: عددهای کسری	کسر
iran:G03_riazi_sevom:3:1293c4	iran	G03_riazi_sevom	3	فصل ۳: عددهای کسری	کاربرد کسر در اندازه‌گیری
iran:G03_riazi_sevom:3:bd7e7d	iran	G03_riazi_sevom	3	فصل ۳: عددهای کسری	تساوی کسرها
iran:G03_riazi_sevom:3:642f98	iran	G03_riazi_sevom	3	فصل ۳: عددهای کسری	مقایسه‌ی کسرها
iran:G03_riazi_sevom:4:82246b	iran	G03_riazi_sevom	3	فصل ۴: ضرب و تقسیم	حلّ مسئله: روش‌های نمادین
iran:G03_riazi_sevom:4:c3af40	iran	G03_riazi_sevom	3	فصل ۴: ضرب و تقسیم	ضرب
iran:G03_riazi_sevom:4:29620d	iran	G03_riazi_sevom	3	فصل ۴: ضرب و تقسیم	ضرب عددهای یک رقمی
iran:G03_riazi_sevom:4:a12182	iran	G03_riazi_sevom	3	فصل ۴: ضرب و تقسیم	خاصیت‌های ضرب
iran:G03_riazi_sevom:4:73e55d	iran	G03_riazi_sevom	3	فصل ۴: ضرب و تقسیم	تقسیم
iran:G03_riazi_sevom:5:c63715	iran	G03_riazi_sevom	3	فصل ۵: محیط و مساحت	حلّ مسئله: زیر مسئله
iran:G03_riazi_sevom:5:582821	iran	G03_riazi_sevom	3	فصل ۵: محیط و مساحت	خط، نیم‌خط و پاره‌خط
iran:G03_riazi_sevom:5:035010	iran	G03_riazi_sevom	3	فصل ۵: محیط و مساحت	محیط
iran:G03_riazi_sevom:5:9ac19d	iran	G03_riazi_sevom	3	فصل ۵: محیط و مساحت	اندازه‌ی سطح
iran:G03_riazi_sevom:5:85b320	iran	G03_riazi_sevom	3	فصل ۵: محیط و مساحت	واحد اندازه‌گیری سطح
iran:G03_riazi_sevom:6:cbc847	iran	G03_riazi_sevom	3	فصل ۶: جمع و تفریق	حلّ مسئله: حلّ مسئله‌ی ساده‌تر
iran:G03_riazi_sevom:6:6f6a03	iran	G03_riazi_sevom	3	فصل ۶: جمع و تفریق	مقایسه‌ی عددها
iran:G03_riazi_sevom:6:cf1239	iran	G03_riazi_sevom	3	فصل ۶: جمع و تفریق	جمع و تفریق
iran:G03_riazi_sevom:6:3d0697	iran	G03_riazi_sevom	3	فصل ۶: جمع و تفریق	جمع در جدول ارزش مکانی
iran:G03_riazi_sevom:6:4dae7f	iran	G03_riazi_sevom	3	فصل ۶: جمع و تفریق	تفریق در جدول ارزش مکانی
iran:G03_riazi_sevom:7:3fcf74	iran	G03_riazi_sevom	3	فصل ۷: آمار و احتمال	حلّ مسئله: حدس و آزمایش
iran:G03_riazi_sevom:7:649ff2	iran	G03_riazi_sevom	3	فصل ۷: آمار و احتمال	جدول داده‌ها
iran:G03_riazi_sevom:7:fdfab2	iran	G03_riazi_sevom	3	فصل ۷: آمار و احتمال	احتمال
iran:G03_riazi_sevom:7:17a67f	iran	G03_riazi_sevom	3	فصل ۷: آمار و احتمال	نمودار دایره‌ای
iran:G03_riazi_sevom:7:3147c8	iran	G03_riazi_sevom	3	فصل ۷: آمار و احتمال	انتخاب نمودار
iran:G03_riazi_sevom:8:8a6726	iran	G03_riazi_sevom	3	فصل ۸: ضرب عددها	حلّ مسئله: حذف حالت‌های نامطلوب
iran:G03_riazi_sevom:8:074d4c	iran	G03_riazi_sevom	3	فصل ۸: ضرب عددها	ضرب در عدد ۱۰
iran:G03_riazi_sevom:8:0a278d	iran	G03_riazi_sevom	3	فصل ۸: ضرب عددها	ضرب عددهای یک‌رقمی در چندرقمی
iran:G03_riazi_sevom:8:5595c3	iran	G03_riazi_sevom	3	فصل ۸: ضرب عددها	محاسبه‌ی ضرب
iran:G03_riazi_sevom:8:936def	iran	G03_riazi_sevom	3	فصل ۸: ضرب عددها	تقسیم با باقی‌مانده
iran:G04_riazi_chaharom:1:b6d56c	iran	G04_riazi_chaharom	4	فصل ۱: اعداد و الگوها	حل مسئله
iran:G04_riazi_chaharom:1:ce28f1	iran	G04_riazi_chaharom	4	فصل ۱: اعداد و الگوها	عددنویسی
iran:G04_riazi_chaharom:1:fecef1	iran	G04_riazi_chaharom	4	فصل ۱: اعداد و الگوها	الگوها
iran:G04_riazi_chaharom:1:0480b7	iran	G04_riazi_chaharom	4	فصل ۱: اعداد و الگوها	ماشین ورودی ـ خروجی
iran:G04_riazi_chaharom:1:fe5f53	iran	G04_riazi_chaharom	4	فصل ۱: اعداد و الگوها	معرفی میلیون
iran:G04_riazi_chaharom:2:b6d56c	iran	G04_riazi_chaharom	4	فصل ۲: کسر	حل مسئله
iran:G04_riazi_chaharom:2:bc0a85	iran	G04_riazi_chaharom	4	فصل ۲: کسر	شناخت کسرها
iran:G04_riazi_chaharom:2:cf1239	iran	G04_riazi_chaharom	4	فصل ۲: کسر	جمع و تفریق
iran:G04_riazi_chaharom:2:bd7e7d	iran	G04_riazi_chaharom	4	فصل ۲: کسر	تساوی کسرها
iran:G04_riazi_chaharom:2:0cd7dc	iran	G04_riazi_chaharom	4	فصل ۲: کسر	ضرب عدد در کسر
iran:G04_riazi_chaharom:3:b6d56c	iran	G04_riazi_chaharom	4	فصل ۳: ضرب و تقسیم	حل مسئله
iran:G04_riazi_chaharom:3:ffeef1	iran	G04_riazi_chaharom	4	فصل ۳: ضرب و تقسیم	ضرب دو عدد دورقمی
iran:G04_riazi_chaharom:3:963194	iran	G04_riazi_chaharom	4	فصل ۳: ضرب و تقسیم	محاسبهٔ حاصل ضرب
iran:G04_riazi_chaharom:3:e0c347	iran	G04_riazi_chaharom	4	فصل ۳: ضرب و تقسیم	محاسبه‌های تقریبی
iran:G04_riazi_chaharom:3:c23cad	iran	G04_riazi_chaharom	4	فصل ۳: ضرب و تقسیم	تقسیم و بخش‌پذیری
iran:G04_riazi_chaharom:3:01ab4e	iran	G04_riazi_chaharom	4	فصل ۳: ضرب و تقسیم	تقسیم بر عددهای یک‌رقمی
iran:G04_riazi_chaharom:3:73aad7	iran	G04_riazi_chaharom	4	فصل ۳: ضرب و تقسیم	تقسیم بر عددهای دورقمی
iran:G04_riazi_chaharom:4:b6d56c	iran	G04_riazi_chaharom	4	فصل ۴: اندازه‌گیری	حل مسئله
iran:G04_riazi_chaharom:4:4a1bea	iran	G04_riazi_chaharom	4	فصل ۴: اندازه‌گیری	زاویه
iran:G04_riazi_chaharom:4:a0e395	iran	G04_riazi_chaharom	4	فصل ۴: اندازه‌گیری	اندازه‌گیری زاویه
iran:G04_riazi_chaharom:4:78879b	iran	G04_riazi_chaharom	4	فصل ۴: اندازه‌گیری	اندازه‌گیری زمان
iran:G04_riazi_chaharom:4:620abf	iran	G04_riazi_chaharom	4	فصل ۴: اندازه‌گیری	اندازه‌گیری طول
iran:G04_riazi_chaharom:5:b6d56c	iran	G04_riazi_chaharom	4	فصل ۵: عدد مخلوط و عدد اعشاری	حل مسئله
iran:G04_riazi_chaharom:5:ae2115	iran	G04_riazi_chaharom	4	فصل ۵: عدد مخلوط و عدد اعشاری	عدد مخلوط
iran:G04_riazi_chaharom:5:1d0b1d	iran	G04_riazi_chaharom	4	فصل ۵: عدد مخلوط و عدد اعشاری	عدد اعشاری
iran:G04_riazi_chaharom:5:47ed3f	iran	G04_riazi_chaharom	4	فصل ۵: عدد مخلوط و عدد اعشاری	جمع و تفریق اعشاری
iran:G04_riazi_chaharom:5:5c0182	iran	G04_riazi_chaharom	4	فصل ۵: عدد مخلوط و عدد اعشاری	ارزش مکانی عددهای اعشاری
iran:G04_riazi_chaharom:6:b6d56c	iran	G04_riazi_chaharom	4	فصل ۶: شکل‌های هندسی	حل مسئله
iran:G04_riazi_chaharom:6:77082f	iran	G04_riazi_chaharom	4	فصل ۶: شکل‌های هندسی	عمود ـ موازی
iran:G04_riazi_chaharom:6:e19dad	iran	G04_riazi_chaharom	4	فصل ۶: شکل‌های هندسی	چهارضلعی‌ها
iran:G04_riazi_chaharom:6:ad535d	iran	G04_riazi_chaharom	4	فصل ۶: شکل‌های هندسی	مساحت متوازی‌الاضلاع و مثلث
iran:G04_riazi_chaharom:6:dfd42c	iran	G04_riazi_chaharom	4	فصل ۶: شکل‌های هندسی	محیط و مساحت
iran:G04_riazi_chaharom:7:b6d56c	iran	G04_riazi_chaharom	4	فصل ۷: آمار و احتمال	حل مسئله
iran:G04_riazi_chaharom:7:cf6aac	iran	G04_riazi_chaharom	4	فصل ۷: آمار و احتمال	نمودار خط شکسته
iran:G04_riazi_chaharom:7:fdfab2	iran	G04_riazi_chaharom	4	فصل ۷: آمار و احتمال	احتمال
iran:G05_riazi_panjom:1:5c4bfb	iran	G05_riazi_panjom	5	فصل ۱: عددنویسی و الگوها	یادآوری عددنویسی و محاسبات عددی
iran:G05_riazi_panjom:1:b8a823	iran	G05_riazi_panjom	5	فصل ۱: عددنویسی و الگوها	معرّفی میلیارد
iran:G05_riazi_panjom:1:0d9fcf	iran	G05_riazi_panjom	5	فصل ۱: عددنویسی و الگوها	جمع و تفریق عددهای مرکّب
iran:G05_riazi_panjom:1:fecef1	iran	G05_riazi_panjom	5	فصل ۱: عددنویسی و الگوها	الگوها
iran:G05_riazi_panjom:2:d99e99	iran	G05_riazi_panjom	5	فصل ۲: کسر	کسرهای بزرگ‌تر از واحد
iran:G05_riazi_panjom:2:e731d8	iran	G05_riazi_panjom	5	فصل ۲: کسر	جمع و تفریق عددهای مخلوط
iran:G05_riazi_panjom:2:8234f4	iran	G05_riazi_panjom	5	فصل ۲: کسر	ضرب کسرها
iran:G05_riazi_panjom:2:87f605	iran	G05_riazi_panjom	5	فصل ۲: کسر	تقسیم کسرها
iran:G05_riazi_panjom:2:a673d8	iran	G05_riazi_panjom	5	فصل ۲: کسر	ضرب عددهای مخلوط
iran:G05_riazi_panjom:3:f61f45	iran	G05_riazi_panjom	5	فصل ۳: نسبت، تناسب و درصد	نسبت
iran:G05_riazi_panjom:3:e62c4d	iran	G05_riazi_panjom	5	فصل ۳: نسبت، تناسب و درصد	نسبت‌های مساوی
iran:G05_riazi_panjom:3:de6aee	iran	G05_riazi_panjom	5	فصل ۳: نسبت، تناسب و درصد	تناسب
iran:G05_riazi_panjom:3:7ba42a	iran	G05_riazi_panjom	5	فصل ۳: نسبت، تناسب و درصد	درصد
iran:G05_riazi_panjom:4:576c4b	iran	G05_riazi_panjom	5	فصل ۴: تقارن و چندضلعی‌ها	تقارن محوری
iran:G05_riazi_panjom:4:784f15	iran	G05_riazi_panjom	5	فصل ۴: تقارن و چندضلعی‌ها	تقارن مرکزی
iran:G05_riazi_panjom:4:25803e	iran	G05_riazi_panjom	5	فصل ۴: تقارن و چندضلعی‌ها	زاویه و نیمساز
iran:G05_riazi_panjom:4:537dfe	iran	G05_riazi_panjom	5	فصل ۴: تقارن و چندضلعی‌ها	چندضلعی‌ها و مجموع زاویه‌های آنها
iran:G05_riazi_panjom:5:6079a3	iran	G05_riazi_panjom	5	فصل ۵: عددهای اعشاری	عددهای اعشاری
iran:G05_riazi_panjom:5:7ceb19	iran	G05_riazi_panjom	5	فصل ۵: عددهای اعشاری	جمع عددهای اعشاری
iran:G05_riazi_panjom:5:dddb4c	iran	G05_riazi_panjom	5	فصل ۵: عددهای اعشاری	تفریق عددهای اعشاری
iran:G05_riazi_panjom:5:ae5066	iran	G05_riazi_panjom	5	فصل ۵: عددهای اعشاری	ضرب عددهای اعشاری
iran:G05_riazi_panjom:6:61c2fc	iran	G05_riazi_panjom	5	فصل ۶: اندازه‌گیری	مساحت لوزی و ذوزنقه
iran:G05_riazi_panjom:6:34428b	iran	G05_riazi_panjom	5	فصل ۶: اندازه‌گیری	محیط دایره
iran:G05_riazi_panjom:6:97de0e	iran	G05_riazi_panjom	5	فصل ۶: اندازه‌گیری	حجم
iran:G05_riazi_panjom:6:8e9a23	iran	G05_riazi_panjom	5	فصل ۶: اندازه‌گیری	گنجایش
iran:G05_riazi_panjom:7:98f296	iran	G05_riazi_panjom	5	فصل ۷: آمار و احتمال	جمع‌آوری و نمایش داده‌ها
iran:G05_riazi_panjom:7:b3496c	iran	G05_riazi_panjom	5	فصل ۷: آمار و احتمال	میانگین
iran:G05_riazi_panjom:7:fdfab2	iran	G05_riazi_panjom	5	فصل ۷: آمار و احتمال	احتمال
iran:G06_riazi_sheshom:1:51cf3a	iran	G06_riazi_sheshom	6	فصل ۱: عدد و الگوهای عددی	الگوهای عددی
iran:G06_riazi_sheshom:1:054fe3	iran	G06_riazi_sheshom	6	فصل ۱: عدد و الگوهای عددی	یادآوری عددنویسی
iran:G06_riazi_sheshom:1:862d60	iran	G06_riazi_sheshom	6	فصل ۱: عدد و الگوهای عددی	بخش‌پذیری
iran:G06_riazi_sheshom:1:66ccfb	iran	G06_riazi_sheshom	6	فصل ۱: عدد و الگوهای عددی	معرفی اعداد صحیح
iran:G06_riazi_sheshom:2:fc0e65	iran	G06_riazi_sheshom	6	فصل ۲: کسر	جمع و تفریق کسرها
iran:G06_riazi_sheshom:2:8234f4	iran	G06_riazi_sheshom	6	فصل ۲: کسر	ضرب کسرها
iran:G06_riazi_sheshom:2:87f605	iran	G06_riazi_sheshom	6	فصل ۲: کسر	تقسیم کسرها
iran:G06_riazi_sheshom:2:585eb4	iran	G06_riazi_sheshom	6	فصل ۲: کسر	محاسبات با کسر
iran:G06_riazi_sheshom:3:fd2dd1	iran	G06_riazi_sheshom	6	فصل ۳: اعداد اعشاری	یادآوری
iran:G06_riazi_sheshom:3:662e0f	iran	G06_riazi_sheshom	6	فصل ۳: اعداد اعشاری	یادآوری ضرب و تقسیم
iran:G06_riazi_sheshom:3:a18559	iran	G06_riazi_sheshom	6	فصل ۳: اعداد اعشاری	تقسیم عدد اعشاری بر عدد طبیعی
iran:G06_riazi_sheshom:3:9a9231	iran	G06_riazi_sheshom	6	فصل ۳: اعداد اعشاری	تقسیم یک عدد بر عدد اعشاری
iran:G06_riazi_sheshom:4:92f070	iran	G06_riazi_sheshom	6	فصل ۴: تقارن و مختصات	مرکز تقارن و تقارن مرکزی
iran:G06_riazi_sheshom:4:5be595	iran	G06_riazi_sheshom	6	فصل ۴: تقارن و مختصات	دوران
iran:G06_riazi_sheshom:4:20a7af	iran	G06_riazi_sheshom	6	فصل ۴: تقارن و مختصات	محورهای مختصات
iran:G06_riazi_sheshom:4:8c6a32	iran	G06_riazi_sheshom	6	فصل ۴: تقارن و مختصات	تقارن و مختصات
iran:G06_riazi_sheshom:5:dfc793	iran	G06_riazi_sheshom	6	فصل ۵: اندازه‌گیری	طول و سطح
iran:G06_riazi_sheshom:5:c729a8	iran	G06_riazi_sheshom	6	فصل ۵: اندازه‌گیری	حجم و جرم
iran:G06_riazi_sheshom:5:170804	iran	G06_riazi_sheshom	6	فصل ۵: اندازه‌گیری	مساحت دایره
iran:G06_riazi_sheshom:5:35b29f	iran	G06_riazi_sheshom	6	فصل ۵: اندازه‌گیری	خط و زاویه
iran:G06_riazi_sheshom:6:37f4b8	iran	G06_riazi_sheshom	6	فصل ۶: تناسب و درصد	کسر، نسبت و تناسب
iran:G06_riazi_sheshom:6:7ba42a	iran	G06_riazi_sheshom	6	فصل ۶: تناسب و درصد	درصد
iran:G06_riazi_sheshom:6:af8318	iran	G06_riazi_sheshom	6	فصل ۶: تناسب و درصد	کاربرد درصد در محاسبات مالی
iran:G06_riazi_sheshom:6:2515c8	iran	G06_riazi_sheshom	6	فصل ۶: تناسب و درصد	کاربرد درصد در آمار و احتمال
iran:G06_riazi_sheshom:7:44363d	iran	G06_riazi_sheshom	6	فصل ۷: تقریب	تقریب
iran:G06_riazi_sheshom:7:a304eb	iran	G06_riazi_sheshom	6	فصل ۷: تقریب	اندازه‌گیری و محاسبات تقریبی
iran:G07_gifted_supplement:1:0d4aad	iran	G07_gifted_supplement	7	فصل صفر: سرآغاز	ترتیب چهار عمل اصلی در محاسبات
iran:G07_gifted_supplement:1:e9c34a	iran	G07_gifted_supplement	7	فصل صفر: سرآغاز	کارگاه بازی ـ مثلث همرنگ
iran:G07_gifted_supplement:1:1b0302	iran	G07_gifted_supplement	7	فصل صفر: سرآغاز	جایزه نوبل و جایزه فیلدز
iran:G07_gifted_supplement:2:28fcee	iran	G07_gifted_supplement	7	فصل ۱: راهبردهای حل مسئله	مسئله‌ها
iran:G07_gifted_supplement:3:4ab991	iran	G07_gifted_supplement	7	فصل ۲: عددهای صحیح	معرفی عددهای علامت‌دار
iran:G07_gifted_supplement:3:1e1258	iran	G07_gifted_supplement	7	فصل ۲: عددهای صحیح	جمع و تفریق اعداد صحیح
iran:G07_gifted_supplement:3:39868a	iran	G07_gifted_supplement	7	فصل ۲: عددهای صحیح	کارگاه بازی ـ دوز با اعداد صحیح
iran:G07_gifted_supplement:3:90af61	iran	G07_gifted_supplement	7	فصل ۲: عددهای صحیح	ضرب و تقسیم اعداد صحیح
iran:G07_gifted_supplement:4:51cf3a	iran	G07_gifted_supplement	7	فصل ۳: جبر و معادله	الگوهای عددی
iran:G07_gifted_supplement:4:4feb2d	iran	G07_gifted_supplement	7	فصل ۳: جبر و معادله	جانگهدار
iran:G07_gifted_supplement:4:69a5fc	iran	G07_gifted_supplement	7	فصل ۳: جبر و معادله	عبارت جبری
iran:G07_gifted_supplement:4:0c18a2	iran	G07_gifted_supplement	7	فصل ۳: جبر و معادله	مقدار عددی یک عبارت جبری
iran:G07_gifted_supplement:4:199162	iran	G07_gifted_supplement	7	فصل ۳: جبر و معادله	معادله
iran:G07_gifted_supplement:5:e37949	iran	G07_gifted_supplement	7	فصل ۴: هندسه و استدلال	روابط بین پاره‌خط‌ها
iran:G07_gifted_supplement:5:6a0f9e	iran	G07_gifted_supplement	7	فصل ۴: هندسه و استدلال	روابط بین زاویه‌ها
iran:G07_gifted_supplement:5:fa6518	iran	G07_gifted_supplement	7	فصل ۴: هندسه و استدلال	تبدیل‌های هندسی و هم‌نهشتی
iran:G07_gifted_supplement:6:256aaa	iran	G07_gifted_supplement	7	فصل ۵: شمارنده‌ها و اعداد اول	عدد اول
iran:G07_gifted_supplement:6:760e16	iran	G07_gifted_supplement	7	فصل ۵: شمارنده‌ها و اعداد اول	کارگاه بازی ـ شمارنده و هُپ
iran:G07_gifted_supplement:6:d99736	iran	G07_gifted_supplement	7	فصل ۵: شمارنده‌ها و اعداد اول	شمارنده
iran:G07_gifted_supplement:6:487c8b	iran	G07_gifted_supplement	7	فصل ۵: شمارنده‌ها و اعداد اول	مسابقهٔ تیراندازی
iran:G07_gifted_supplement:6:f5abc4	iran	G07_gifted_supplement	7	فصل ۵: شمارنده‌ها و اعداد اول	شمارندهٔ اول
iran:G07_gifted_supplement:6:25240c	iran	G07_gifted_supplement	7	فصل ۵: شمارنده‌ها و اعداد اول	بزرگ‌ترین شمارندهٔ مشترک
iran:G07_gifted_supplement:6:b93c2d	iran	G07_gifted_supplement	7	فصل ۵: شمارنده‌ها و اعداد اول	کوچک‌ترین مضرب مشترک
iran:G07_gifted_supplement:6:5c7096	iran	G07_gifted_supplement	7	فصل ۵: شمارنده‌ها و اعداد اول	کارگاه بازی ـ نقطه بذار ـ شلیک کن!
iran:G07_gifted_supplement:6:8f239d	iran	G07_gifted_supplement	7	فصل ۵: شمارنده‌ها و اعداد اول	ارتباط ب.م.م و ک.م.م
iran:G07_gifted_supplement:7:0b29b6	iran	G07_gifted_supplement	7	فصل ۶: سطح و حجم	ریاضیات سیب‌زمینی!
iran:G07_gifted_supplement:7:806223	iran	G07_gifted_supplement	7	فصل ۶: سطح و حجم	مکعب
iran:G07_gifted_supplement:7:2d536f	iran	G07_gifted_supplement	7	فصل ۶: سطح و حجم	چهار وجهی منتظم
iran:G07_gifted_supplement:7:088be4	iran	G07_gifted_supplement	7	فصل ۶: سطح و حجم	شهود فضایی
iran:G07_gifted_supplement:7:c630ef	iran	G07_gifted_supplement	7	فصل ۶: سطح و حجم	محاسبهٔ حجم‌های منشوری
iran:G07_gifted_supplement:7:dd0784	iran	G07_gifted_supplement	7	فصل ۶: سطح و حجم	مساحت جانبی و کل
iran:G07_gifted_supplement:7:e27fc9	iran	G07_gifted_supplement	7	فصل ۶: سطح و حجم	حجم و سطح
iran:G07_gifted_supplement:7:13fadb	iran	G07_gifted_supplement	7	فصل ۶: سطح و حجم	کارگاه ساخت حجم ـ دوازده وجهی منتظم
iran:G07_gifted_supplement:8:0961a8	iran	G07_gifted_supplement	7	فصل ۷: توان و جذر	تعریف توان
iran:G07_gifted_supplement:8:feff6d	iran	G07_gifted_supplement	7	فصل ۷: توان و جذر	محاسبهٔ یک عبارت توان‌دار
iran:G07_gifted_supplement:8:dd807e	iran	G07_gifted_supplement	7	فصل ۷: توان و جذر	ساده کردن عبارت‌های توان‌دار
iran:G07_gifted_supplement:8:c71b5b	iran	G07_gifted_supplement	7	فصل ۷: توان و جذر	کاربردهایی از توان
iran:G07_gifted_supplement:8:62a72b	iran	G07_gifted_supplement	7	فصل ۷: توان و جذر	جذر و ریشه
iran:G07_gifted_supplement:9:3781a1	iran	G07_gifted_supplement	7	فصل ۸: بردار و مختصات	کارگاه بازی ـ نبرد دریایی
iran:G07_gifted_supplement:9:7a09ea	iran	G07_gifted_supplement	7	فصل ۸: بردار و مختصات	دریچه‌ای به روبوکاپ
iran:G07_gifted_supplement:9:b61cb1	iran	G07_gifted_supplement	7	فصل ۸: بردار و مختصات	مختصات و تبدیل‌های هندسی
iran:G07_gifted_supplement:10:9e143d	iran	G07_gifted_supplement	7	فصل ۹: آمار و احتمال	نمودارها و تفسیر نتیجه‌ها
iran:G07_gifted_supplement:10:acdd6e	iran	G07_gifted_supplement	7	فصل ۹: آمار و احتمال	احتمال یا اندازه‌گیری شانس
iran:G07_gifted_supplement:10:c103ee	iran	G07_gifted_supplement	7	فصل ۹: آمار و احتمال	احتمال و تجربه
iran:G07_riazi_haftom:1:23cb45	iran	G07_riazi_haftom	7	فصل ۱: راهبردهای حل مسئله	فصل ۱: راهبردهای حل مسئله
iran:G07_riazi_haftom:2:4ab991	iran	G07_riazi_haftom	7	فصل ۲: عددهای صحیح	معرفی عددهای علامت‌دار
iran:G07_riazi_haftom:2:362f67	iran	G07_riazi_haftom	7	فصل ۲: عددهای صحیح	جمع و تفریق عددهای صحیح (۱)
iran:G07_riazi_haftom:2:6cc43c	iran	G07_riazi_haftom	7	فصل ۲: عددهای صحیح	جمع و تفریق عددهای صحیح (۲)
iran:G07_riazi_haftom:2:7e3035	iran	G07_riazi_haftom	7	فصل ۲: عددهای صحیح	ضرب و تقسیم عددهای صحیح
iran:G07_riazi_haftom:3:51cf3a	iran	G07_riazi_haftom	7	فصل ۳: جبر و معادله	الگوهای عددی
iran:G07_riazi_haftom:3:f18875	iran	G07_riazi_haftom	7	فصل ۳: جبر و معادله	عبارت‌های جبری
iran:G07_riazi_haftom:3:0c18a2	iran	G07_riazi_haftom	7	فصل ۳: جبر و معادله	مقدار عددی یک عبارت جبری
iran:G07_riazi_haftom:3:199162	iran	G07_riazi_haftom	7	فصل ۳: جبر و معادله	معادله
iran:G07_riazi_haftom:4:e37949	iran	G07_riazi_haftom	7	فصل ۴: هندسه و استدلال	روابط بین پاره‌خط‌ها
iran:G07_riazi_haftom:4:6a0f9e	iran	G07_riazi_haftom	7	فصل ۴: هندسه و استدلال	روابط بین زاویه‌ها
iran:G07_riazi_haftom:4:23b6aa	iran	G07_riazi_haftom	7	فصل ۴: هندسه و استدلال	تبدیلات هندسی (انتقال، تقارن، دوران)
iran:G07_riazi_haftom:4:644f7e	iran	G07_riazi_haftom	7	فصل ۴: هندسه و استدلال	شکل‌های مساوی (هم‌نهشت)
iran:G07_riazi_haftom:5:256aaa	iran	G07_riazi_haftom	7	فصل ۵: شمارنده‌ها و اعداد اول	عدد اول
iran:G07_riazi_haftom:5:f5abc4	iran	G07_riazi_haftom	7	فصل ۵: شمارنده‌ها و اعداد اول	شمارندهٔ اول
iran:G07_riazi_haftom:5:25240c	iran	G07_riazi_haftom	7	فصل ۵: شمارنده‌ها و اعداد اول	بزرگ‌ترین شمارندهٔ مشترک
iran:G07_riazi_haftom:5:b93c2d	iran	G07_riazi_haftom	7	فصل ۵: شمارنده‌ها و اعداد اول	کوچک‌ترین مضرب مشترک
iran:G07_riazi_haftom:6:a7f3bc	iran	G07_riazi_haftom	7	فصل ۶: سطح و حجم	حجم‌های هندسی
iran:G07_riazi_haftom:6:c630ef	iran	G07_riazi_haftom	7	فصل ۶: سطح و حجم	محاسبهٔ حجم‌های منشوری
iran:G07_riazi_haftom:6:dd0784	iran	G07_riazi_haftom	7	فصل ۶: سطح و حجم	مساحت جانبی و کل
iran:G07_riazi_haftom:6:e27fc9	iran	G07_riazi_haftom	7	فصل ۶: سطح و حجم	حجم و سطح
iran:G07_riazi_haftom:7:0961a8	iran	G07_riazi_haftom	7	فصل ۷: توان و جذر	تعریف توان
iran:G07_riazi_haftom:7:4d324a	iran	G07_riazi_haftom	7	فصل ۷: توان و جذر	محاسبهٔ عبارت توان‌دار
iran:G07_riazi_haftom:7:b03c9f	iran	G07_riazi_haftom	7	فصل ۷: توان و جذر	ساده‌کردن عبارت‌های توان‌دار
iran:G07_riazi_haftom:7:62a72b	iran	G07_riazi_haftom	7	فصل ۷: توان و جذر	جذر و ریشه
iran:G07_riazi_haftom:8:38aa72	iran	G07_riazi_haftom	7	فصل ۸: بردار و مختصات	پاره‌خط جهت‌دار
iran:G07_riazi_haftom:8:0959bc	iran	G07_riazi_haftom	7	فصل ۸: بردار و مختصات	بردارهای مساوی و قرینه
iran:G07_riazi_haftom:8:47abce	iran	G07_riazi_haftom	7	فصل ۸: بردار و مختصات	مختصات
iran:G07_riazi_haftom:8:635d04	iran	G07_riazi_haftom	7	فصل ۸: بردار و مختصات	بردار انتقال
iran:G07_riazi_haftom:9:98f296	iran	G07_riazi_haftom	7	فصل ۹: آمار و احتمال	جمع‌آوری و نمایش داده‌ها
iran:G07_riazi_haftom:9:9e143d	iran	G07_riazi_haftom	7	فصل ۹: آمار و احتمال	نمودارها و تفسیر نتیجه‌ها
iran:G07_riazi_haftom:9:acdd6e	iran	G07_riazi_haftom	7	فصل ۹: آمار و احتمال	احتمال یا اندازه‌گیری شانس
iran:G07_riazi_haftom:9:c103ee	iran	G07_riazi_haftom	7	فصل ۹: آمار و احتمال	احتمال و تجربه
iran:G08_gifted_supplement:1:55896a	iran	G08_gifted_supplement	8	فصل ۱: عددهای صحیح و گویا	یادآوری عددهای صحیح
iran:G08_gifted_supplement:1:3359f2	iran	G08_gifted_supplement	8	فصل ۱: عددهای صحیح و گویا	عددهای گویا
iran:G08_gifted_supplement:1:75c2b2	iran	G08_gifted_supplement	8	فصل ۱: عددهای صحیح و گویا	دو مسئلهٔ واقعاً کاربردی
iran:G08_gifted_supplement:2:5ab57e	iran	G08_gifted_supplement	8	فصل ۲: عددهای اول	یادآوری عددهای اول
iran:G08_gifted_supplement:2:685ba8	iran	G08_gifted_supplement	8	فصل ۲: عددهای اول	تعیین عددهای اول
iran:G08_gifted_supplement:2:2d6a8e	iran	G08_gifted_supplement	8	فصل ۲: عددهای اول	ماشین کانوِی
iran:G08_gifted_supplement:3:90fba9	iran	G08_gifted_supplement	8	فصل ۳: چندضلعی‌ها	کارگاه بازی
iran:G08_gifted_supplement:3:26dad3	iran	G08_gifted_supplement	8	فصل ۳: چندضلعی‌ها	چندضلعی‌ها و تقارن
iran:G08_gifted_supplement:3:ff3b68	iran	G08_gifted_supplement	8	فصل ۳: چندضلعی‌ها	توازی و تعامد
iran:G08_gifted_supplement:3:e19dad	iran	G08_gifted_supplement	8	فصل ۳: چندضلعی‌ها	چهارضلعی‌ها
iran:G08_gifted_supplement:3:e431da	iran	G08_gifted_supplement	8	فصل ۳: چندضلعی‌ها	زاویه‌های داخلی و خارجی
iran:G08_gifted_supplement:3:d022b7	iran	G08_gifted_supplement	8	فصل ۳: چندضلعی‌ها	کاشی‌کاری
iran:G08_gifted_supplement:4:6a32bd	iran	G08_gifted_supplement	8	فصل ۴: جبر و معادله	ساده کردن عبارت‌های جبری
iran:G08_gifted_supplement:4:b93f3c	iran	G08_gifted_supplement	8	فصل ۴: جبر و معادله	پیدا کردن مقدار یک عبارت جبری
iran:G08_gifted_supplement:4:9dbd8e	iran	G08_gifted_supplement	8	فصل ۴: جبر و معادله	تجزیه عبارت‌های جبری
iran:G08_gifted_supplement:4:199162	iran	G08_gifted_supplement	8	فصل ۴: جبر و معادله	معادله
iran:G08_gifted_supplement:5:90fba9	iran	G08_gifted_supplement	8	فصل ۵: بردار و مختصات	کارگاه بازی
iran:G08_gifted_supplement:5:7a09ea	iran	G08_gifted_supplement	8	فصل ۵: بردار و مختصات	دریچه‌ای به روبوکاپ
iran:G08_gifted_supplement:5:933ea7	iran	G08_gifted_supplement	8	فصل ۵: بردار و مختصات	کاربردهایی از بردارها
iran:G08_gifted_supplement:5:09863f	iran	G08_gifted_supplement	8	فصل ۵: بردار و مختصات	بردار، رودخانه و غواص
iran:G08_gifted_supplement:5:bdb750	iran	G08_gifted_supplement	8	فصل ۵: بردار و مختصات	ریاضیات تخم مرغی
iran:G08_gifted_supplement:6:acace8	iran	G08_gifted_supplement	8	فصل ۶: مثلث	رابطهٔ فیثاغورس
iran:G08_gifted_supplement:6:10fa30	iran	G08_gifted_supplement	8	فصل ۶: مثلث	هم‌نهشتی
iran:G08_gifted_supplement:6:193515	iran	G08_gifted_supplement	8	فصل ۶: مثلث	مثلث‌های هم‌نهشت
iran:G08_gifted_supplement:6:37ba27	iran	G08_gifted_supplement	8	فصل ۶: مثلث	هم‌نهشتی مثلث‌های قائم‌الزاویه
iran:G08_gifted_supplement:6:e42fde	iran	G08_gifted_supplement	8	فصل ۶: مثلث	تخیلات یک دانش‌آموز در کلاس ریاضی (۱)
iran:G08_gifted_supplement:7:cb6353	iran	G08_gifted_supplement	8	فصل ۷: توان و جذر	توان
iran:G08_gifted_supplement:7:a5a411	iran	G08_gifted_supplement	8	فصل ۷: توان و جذر	اعداد رادیکالی
iran:G08_gifted_supplement:7:f7de20	iran	G08_gifted_supplement	8	فصل ۷: توان و جذر	تخیلات یک دانش‌آموز در کلاس ریاضی (۲)
iran:G08_gifted_supplement:8:e50b1b	iran	G08_gifted_supplement	8	فصل ۸: آمار و احتمال	دسته‌بندی داده‌ها و میانگین
iran:G08_gifted_supplement:8:5dffba	iran	G08_gifted_supplement	8	فصل ۸: آمار و احتمال	کارگاه بازی ـ حلقه شانس
iran:G08_gifted_supplement:8:acdd6e	iran	G08_gifted_supplement	8	فصل ۸: آمار و احتمال	احتمال یا اندازه‌گیری شانس
iran:G08_gifted_supplement:8:f217b2	iran	G08_gifted_supplement	8	فصل ۸: آمار و احتمال	بررسی حالت‌های ممکن
iran:G08_gifted_supplement:9:a5f98a	iran	G08_gifted_supplement	8	فصل ۹: دایره	خط و دایره
iran:G08_gifted_supplement:9:24d030	iran	G08_gifted_supplement	8	فصل ۹: دایره	زاویهٔ مرکزی و زاویهٔ محاطی
iran:G08_gifted_supplement:9:f774cc	iran	G08_gifted_supplement	8	فصل ۹: دایره	کاربردهایی از دایره
iran:G08_riazi_hashtom:1:55896a	iran	G08_riazi_hashtom	8	فصل ۱: عددهای صحیح و گویا	یادآوری عددهای صحیح
iran:G08_riazi_hashtom:1:bf8fcc	iran	G08_riazi_hashtom	8	فصل ۱: عددهای صحیح و گویا	معرفی عددهای گویا
iran:G08_riazi_hashtom:1:778022	iran	G08_riazi_hashtom	8	فصل ۱: عددهای صحیح و گویا	جمع و تفریق عددهای گویا
iran:G08_riazi_hashtom:1:ec7226	iran	G08_riazi_hashtom	8	فصل ۱: عددهای صحیح و گویا	ضرب و تقسیم عددهای گویا
iran:G08_riazi_hashtom:2:5ab57e	iran	G08_riazi_hashtom	8	فصل ۲: عددهای اول	یادآوری عددهای اول
iran:G08_riazi_hashtom:2:685ba8	iran	G08_riazi_hashtom	8	فصل ۲: عددهای اول	تعیین عددهای اول
iran:G08_riazi_hashtom:3:26dad3	iran	G08_riazi_hashtom	8	فصل ۳: چندضلعی‌ها	چندضلعی‌ها و تقارن
iran:G08_riazi_hashtom:3:ff3b68	iran	G08_riazi_hashtom	8	فصل ۳: چندضلعی‌ها	توازی و تعامد
iran:G08_riazi_hashtom:3:e19dad	iran	G08_riazi_hashtom	8	فصل ۳: چندضلعی‌ها	چهارضلعی‌ها
iran:G08_riazi_hashtom:3:23c3fe	iran	G08_riazi_hashtom	8	فصل ۳: چندضلعی‌ها	زاویه‌های داخلی
iran:G08_riazi_hashtom:3:383adf	iran	G08_riazi_hashtom	8	فصل ۳: چندضلعی‌ها	زاویه‌های خارجی
iran:G08_riazi_hashtom:4:6c8c95	iran	G08_riazi_hashtom	8	فصل ۴: جبر و معادله	ساده‌کردن عبارت‌های جبری
iran:G08_riazi_hashtom:4:b93f3c	iran	G08_riazi_hashtom	8	فصل ۴: جبر و معادله	پیدا کردن مقدار یک عبارت جبری
iran:G08_riazi_hashtom:4:04838f	iran	G08_riazi_hashtom	8	فصل ۴: جبر و معادله	تجزیهٔ عبارت‌های جبری
iran:G08_riazi_hashtom:4:199162	iran	G08_riazi_hashtom	8	فصل ۴: جبر و معادله	معادله
iran:G08_riazi_hashtom:5:618416	iran	G08_riazi_hashtom	8	فصل ۵: بردار و مختصات	جمع بردارها
iran:G08_riazi_hashtom:5:547029	iran	G08_riazi_hashtom	8	فصل ۵: بردار و مختصات	ضرب عدد در بردار
iran:G08_riazi_hashtom:5:908fab	iran	G08_riazi_hashtom	8	فصل ۵: بردار و مختصات	بردارهای واحد مختصات
iran:G08_riazi_hashtom:6:acace8	iran	G08_riazi_hashtom	8	فصل ۶: مثلث	رابطهٔ فیثاغورس
iran:G08_riazi_hashtom:6:6d1a5b	iran	G08_riazi_hashtom	8	فصل ۶: مثلث	شکل‌های هم‌نهشت
iran:G08_riazi_hashtom:6:193515	iran	G08_riazi_hashtom	8	فصل ۶: مثلث	مثلث‌های هم‌نهشت
iran:G08_riazi_hashtom:6:37ba27	iran	G08_riazi_hashtom	8	فصل ۶: مثلث	هم‌نهشتی مثلث‌های قائم‌الزاویه
iran:G08_riazi_hashtom:7:cb6353	iran	G08_riazi_hashtom	8	فصل ۷: توان و جذر	توان
iran:G08_riazi_hashtom:7:f8367d	iran	G08_riazi_hashtom	8	فصل ۷: توان و جذر	تقسیم اعداد توان‌دار
iran:G08_riazi_hashtom:7:05be18	iran	G08_riazi_hashtom	8	فصل ۷: توان و جذر	جذر تقریبی
iran:G08_riazi_hashtom:7:ebe3f2	iran	G08_riazi_hashtom	8	فصل ۷: توان و جذر	نمایش اعداد رادیکالی روی محور اعداد
iran:G08_riazi_hashtom:7:d605ec	iran	G08_riazi_hashtom	8	فصل ۷: توان و جذر	خواص ضرب و تقسیم رادیکال‌ها
iran:G08_riazi_hashtom:8:43a13d	iran	G08_riazi_hashtom	8	فصل ۸: آمار و احتمال	دسته‌بندی داده‌ها
iran:G08_riazi_hashtom:8:d020db	iran	G08_riazi_hashtom	8	فصل ۸: آمار و احتمال	میانگین داده‌ها
iran:G08_riazi_hashtom:8:acdd6e	iran	G08_riazi_hashtom	8	فصل ۸: آمار و احتمال	احتمال یا اندازه‌گیری شانس
iran:G08_riazi_hashtom:8:f217b2	iran	G08_riazi_hashtom	8	فصل ۸: آمار و احتمال	بررسی حالت‌های ممکن
iran:G08_riazi_hashtom:9:a5f98a	iran	G08_riazi_hashtom	8	فصل ۹: دایره	خط و دایره
iran:G08_riazi_hashtom:9:d441a2	iran	G08_riazi_hashtom	8	فصل ۹: دایره	زاویه‌های مرکزی
iran:G08_riazi_hashtom:9:f9f9d3	iran	G08_riazi_hashtom	8	فصل ۹: دایره	زاویه‌های محاطی
iran:G09_gifted:1:9e92b6	iran	G09_gifted	9	فصل ۱: مجموعه‌ها	یک گروه مجازی
iran:G09_gifted:1:8e3cfd	iran	G09_gifted	9	فصل ۱: مجموعه‌ها	معرفی مجموعه
iran:G09_gifted:1:28021b	iran	G09_gifted	9	فصل ۱: مجموعه‌ها	مجموعه‌های برابر و زیرمجموعه
iran:G09_gifted:1:3df04f	iran	G09_gifted	9	فصل ۱: مجموعه‌ها	نمایش مجموعه‌ها با نمادهای ریاضی
iran:G09_gifted:1:b6f134	iran	G09_gifted	9	فصل ۱: مجموعه‌ها	اجتماع، اشتراک و تفاضلِ مجموعه‌ها
iran:G09_gifted:1:8aeec6	iran	G09_gifted	9	فصل ۱: مجموعه‌ها	بی‌شمارش
iran:G09_gifted:1:849158	iran	G09_gifted	9	فصل ۱: مجموعه‌ها	مجموعه و احتمال
iran:G09_gifted:2:3359f2	iran	G09_gifted	9	فصل ۲: عددهای حقیقی	عددهای گویا
iran:G09_gifted:2:b5ce63	iran	G09_gifted	9	فصل ۲: عددهای حقیقی	اعداد حقیقی
iran:G09_gifted:2:11916f	iran	G09_gifted	9	فصل ۲: عددهای حقیقی	قدرمطلق و محاسبهٔ تقریبی
iran:G09_gifted:3:c0eec1	iran	G09_gifted	9	فصل ۳: استدلال و اثبات در هندسه	آشنایی با اثبات در هندسه
iran:G09_gifted:3:44241f	iran	G09_gifted	9	فصل ۳: استدلال و اثبات در هندسه	هم‌نهشتی مثلث‌ها
iran:G09_gifted:3:01cb7b	iran	G09_gifted	9	فصل ۳: استدلال و اثبات در هندسه	حل مسئله در هندسه
iran:G09_gifted:3:6c0c74	iran	G09_gifted	9	فصل ۳: استدلال و اثبات در هندسه	شکل‌های متشابه
iran:G09_gifted:4:f8c841	iran	G09_gifted	9	فصل ۴: توان و ریشه	توان صحیح
iran:G09_gifted:4:b93f3c	iran	G09_gifted	9	فصل ۴: توان و ریشه	پیدا کردن مقدار یک عبارت جبری
iran:G09_gifted:4:49bcb6	iran	G09_gifted	9	فصل ۴: توان و ریشه	نماد علمی
iran:G09_gifted:4:1a6b46	iran	G09_gifted	9	فصل ۴: توان و ریشه	ریشه‌گیری
iran:G09_gifted:4:e4e7db	iran	G09_gifted	9	فصل ۴: توان و ریشه	جمع و تفریق رادیکال‌ها
iran:G09_gifted:5:16075a	iran	G09_gifted	9	فصل ۵: عبارت‌های جبری	چندجمله‌ای‌ها
iran:G09_gifted:5:858fc8	iran	G09_gifted	9	فصل ۵: عبارت‌های جبری	اتحاد و تجزیه
iran:G09_gifted:5:c3b32a	iran	G09_gifted	9	فصل ۵: عبارت‌های جبری	نامعادله
iran:G09_gifted:6:1bcfdb	iran	G09_gifted	9	فصل ۶: خط و معادله‌های خطی	شیب و معادلهٔ خط
iran:G09_gifted:6:036e74	iran	G09_gifted	9	فصل ۶: خط و معادله‌های خطی	دستگاه معادله‌های خطی
iran:G09_gifted:7:cfbd73	iran	G09_gifted	9	فصل ۷: عبارت‌های گویا	ساده کردن عبارت‌های گویا
iran:G09_gifted:7:e93bf6	iran	G09_gifted	9	فصل ۷: عبارت‌های گویا	تقسیم چندجمله‌ای‌ها
iran:G09_gifted:8:fb518b	iran	G09_gifted	9	فصل ۸: حجم و مساحت	حجم و سطح کره
iran:G09_gifted:8:f5229f	iran	G09_gifted	9	فصل ۸: حجم و مساحت	چندوجهی
iran:G09_gifted:8:9b5e0a	iran	G09_gifted	9	فصل ۸: حجم و مساحت	حجم هرم و مخروط
iran:G09_gifted:8:396b9f	iran	G09_gifted	9	فصل ۸: حجم و مساحت	سطح و حجم
iran:G09_riazi_nohom:1:8e3cfd	iran	G09_riazi_nohom	9	فصل ۱: مجموعه‌ها	معرفی مجموعه
iran:G09_riazi_nohom:1:8f2344	iran	G09_riazi_nohom	9	فصل ۱: مجموعه‌ها	مجموعه‌های برابر و نمایش مجموعه‌ها
iran:G09_riazi_nohom:1:b6f134	iran	G09_riazi_nohom	9	فصل ۱: مجموعه‌ها	اجتماع، اشتراک و تفاضلِ مجموعه‌ها
iran:G09_riazi_nohom:1:b63c0e	iran	G09_riazi_nohom	9	فصل ۱: مجموعه‌ها	مجموعه‌ها و احتمال
iran:G09_riazi_nohom:2:3359f2	iran	G09_riazi_nohom	9	فصل ۲: عددهای حقیقی	عددهای گویا
iran:G09_riazi_nohom:2:2123c2	iran	G09_riazi_nohom	9	فصل ۲: عددهای حقیقی	عددهای حقیقی
iran:G09_riazi_nohom:2:85c70b	iran	G09_riazi_nohom	9	فصل ۲: عددهای حقیقی	قدر مطلق و محاسبهٔ تقریبی
iran:G09_riazi_nohom:3:ce8aec	iran	G09_riazi_nohom	9	فصل ۳: استدلال و اثبات در هندسه	استدلال
iran:G09_riazi_nohom:3:c0eec1	iran	G09_riazi_nohom	9	فصل ۳: استدلال و اثبات در هندسه	آشنایی با اثبات در هندسه
iran:G09_riazi_nohom:3:44241f	iran	G09_riazi_nohom	9	فصل ۳: استدلال و اثبات در هندسه	هم‌نهشتی مثلث‌ها
iran:G09_riazi_nohom:3:01cb7b	iran	G09_riazi_nohom	9	فصل ۳: استدلال و اثبات در هندسه	حل مسئله در هندسه
iran:G09_riazi_nohom:3:6c0c74	iran	G09_riazi_nohom	9	فصل ۳: استدلال و اثبات در هندسه	شکل‌های متشابه
iran:G09_riazi_nohom:4:f8c841	iran	G09_riazi_nohom	9	فصل ۴: توان و ریشه	توان صحیح
iran:G09_riazi_nohom:4:49bcb6	iran	G09_riazi_nohom	9	فصل ۴: توان و ریشه	نماد علمی
iran:G09_riazi_nohom:4:1a6b46	iran	G09_riazi_nohom	9	فصل ۴: توان و ریشه	ریشه‌گیری
iran:G09_riazi_nohom:4:e4e7db	iran	G09_riazi_nohom	9	فصل ۴: توان و ریشه	جمع و تفریق رادیکال‌ها
iran:G09_riazi_nohom:5:a1322c	iran	G09_riazi_nohom	9	فصل ۵: عبارت‌های جبری	عبارت‌های جبری و مفهوم اتحاد
iran:G09_riazi_nohom:5:2329b2	iran	G09_riazi_nohom	9	فصل ۵: عبارت‌های جبری	چند اتحاد دیگر، تجزیه و کاربردها
iran:G09_riazi_nohom:5:6e871d	iran	G09_riazi_nohom	9	فصل ۵: عبارت‌های جبری	نابرابری‌ها و نامعادله‌ها
iran:G09_riazi_nohom:6:5e27d6	iran	G09_riazi_nohom	9	فصل ۶: خط و معادله‌های خطی	معادلهٔ خط
iran:G09_riazi_nohom:6:2940ad	iran	G09_riazi_nohom	9	فصل ۶: خط و معادله‌های خطی	شیب خط و عرض از مبدأ
iran:G09_riazi_nohom:6:036e74	iran	G09_riazi_nohom	9	فصل ۶: خط و معادله‌های خطی	دستگاه معادله‌های خطی
iran:G09_riazi_nohom:7:bbf825	iran	G09_riazi_nohom	9	فصل ۷: عبارت‌های گویا	معرفی و ساده کردن عبارت‌های گویا
iran:G09_riazi_nohom:7:56a525	iran	G09_riazi_nohom	9	فصل ۷: عبارت‌های گویا	محاسبات عبارت‌های گویا
iran:G09_riazi_nohom:7:e93bf6	iran	G09_riazi_nohom	9	فصل ۷: عبارت‌های گویا	تقسیم چندجمله‌ای‌ها
iran:G09_riazi_nohom:8:e37895	iran	G09_riazi_nohom	9	فصل ۸: حجم و مساحت	حجم و مساحت کره
iran:G09_riazi_nohom:8:9b5e0a	iran	G09_riazi_nohom	9	فصل ۸: حجم و مساحت	حجم هرم و مخروط
iran:G09_riazi_nohom:8:396b9f	iran	G09_riazi_nohom	9	فصل ۸: حجم و مساحت	سطح و حجم
iran:G10_hendese1_math:1:95ec6f	iran	G10_hendese1_math	10	فصل ۱: ترسیم‌های هندسی و استدلال	ترسیم‌های هندسی
iran:G10_hendese1_math:1:ce8aec	iran	G10_hendese1_math	10	فصل ۱: ترسیم‌های هندسی و استدلال	استدلال
iran:G10_hendese1_math:2:6cc7c4	iran	G10_hendese1_math	10	فصل ۲: قضیهٔ تالس، تشابه و کاربردهای آن	نسبت و تناسب در هندسه
iran:G10_hendese1_math:2:79a720	iran	G10_hendese1_math	10	فصل ۲: قضیهٔ تالس، تشابه و کاربردهای آن	قضیهٔ تالس
iran:G10_hendese1_math:2:020a47	iran	G10_hendese1_math	10	فصل ۲: قضیهٔ تالس، تشابه و کاربردهای آن	تشابه مثلث‌ها
iran:G10_hendese1_math:2:269bdb	iran	G10_hendese1_math	10	فصل ۲: قضیهٔ تالس، تشابه و کاربردهای آن	کاربردهایی از قضیهٔ تالس و تشابه مثلث‌ها
iran:G10_hendese1_math:3:9e3604	iran	G10_hendese1_math	10	فصل ۳: چندضلعی‌ها	چندضلعی‌ها و ویژگی‌هایی از آنها
iran:G10_hendese1_math:3:45bc62	iran	G10_hendese1_math	10	فصل ۳: چندضلعی‌ها	مساحت و کاربردهای آن
iran:G10_hendese1_math:4:1e48ef	iran	G10_hendese1_math	10	فصل ۴: تجسم فضایی	خط، نقطه و صفحه
iran:G10_hendese1_math:4:c7274d	iran	G10_hendese1_math	10	فصل ۴: تجسم فضایی	تفکر تجسمی
iran:G10_riazi1_math_science:1:532c76	iran	G10_riazi1_math_science	10	فصل ۱: مجموعه، الگو و دنباله	مجموعه‌های متناهی و نامتناهی
iran:G10_riazi1_math_science:1:3e5410	iran	G10_riazi1_math_science	10	فصل ۱: مجموعه، الگو و دنباله	متمم یک مجموعه
iran:G10_riazi1_math_science:1:20658b	iran	G10_riazi1_math_science	10	فصل ۱: مجموعه، الگو و دنباله	الگو و دنباله
iran:G10_riazi1_math_science:1:c923a9	iran	G10_riazi1_math_science	10	فصل ۱: مجموعه، الگو و دنباله	دنباله‌های حسابی و هندسی
iran:G10_riazi1_math_science:2:e65adb	iran	G10_riazi1_math_science	10	فصل ۲: مثلثات	نسبت‌های مثلثاتی
iran:G10_riazi1_math_science:2:bd05a8	iran	G10_riazi1_math_science	10	فصل ۲: مثلثات	دایرهٔ مثلثاتی
iran:G10_riazi1_math_science:2:68a7dc	iran	G10_riazi1_math_science	10	فصل ۲: مثلثات	روابط بین نسبت‌های مثلثاتی
iran:G10_riazi1_math_science:3:354a11	iran	G10_riazi1_math_science	10	فصل ۳: توان‌های گویا و عبارت‌های جبری	ریشه و توان
iran:G10_riazi1_math_science:3:387410	iran	G10_riazi1_math_science	10	فصل ۳: توان‌های گویا و عبارت‌های جبری	ریشهٔ nام
iran:G10_riazi1_math_science:3:6c4ec0	iran	G10_riazi1_math_science	10	فصل ۳: توان‌های گویا و عبارت‌های جبری	توان‌های گویا
iran:G10_riazi1_math_science:3:f18875	iran	G10_riazi1_math_science	10	فصل ۳: توان‌های گویا و عبارت‌های جبری	عبارت‌های جبری
iran:G10_riazi1_math_science:4:c46add	iran	G10_riazi1_math_science	10	فصل ۴: معادله‌ها و نامعادله‌ها	معادلهٔ درجه دوم و روش‌های مختلف حل آن
iran:G10_riazi1_math_science:4:a1dd45	iran	G10_riazi1_math_science	10	فصل ۴: معادله‌ها و نامعادله‌ها	سهمی
iran:G10_riazi1_math_science:4:155c17	iran	G10_riazi1_math_science	10	فصل ۴: معادله‌ها و نامعادله‌ها	تعیین علامت
iran:G10_riazi1_math_science:5:06415c	iran	G10_riazi1_math_science	10	فصل ۵: تابع	مفهوم تابع و بازنمایی‌های آن
iran:G10_riazi1_math_science:5:b7dadf	iran	G10_riazi1_math_science	10	فصل ۵: تابع	دامنه و برد توابع
iran:G10_riazi1_math_science:5:049f2c	iran	G10_riazi1_math_science	10	فصل ۵: تابع	انواع تابع
iran:G10_riazi1_math_science:6:fc8609	iran	G10_riazi1_math_science	10	فصل ۶: شمارش، بدون شمردن	شمارش
iran:G10_riazi1_math_science:6:7e4f98	iran	G10_riazi1_math_science	10	فصل ۶: شمارش، بدون شمردن	جایگشت
iran:G10_riazi1_math_science:6:fddfff	iran	G10_riazi1_math_science	10	فصل ۶: شمارش، بدون شمردن	ترکیب
iran:G10_riazi1_math_science:7:acdd6e	iran	G10_riazi1_math_science	10	فصل ۷: آمار و احتمال	احتمال یا اندازه‌گیری شانس
iran:G10_riazi1_math_science:7:e0e53d	iran	G10_riazi1_math_science	10	فصل ۷: آمار و احتمال	مقدمه‌ای بر علم آمار، جامعه و نمونه
iran:G10_riazi1_math_science:7:17edc2	iran	G10_riazi1_math_science	10	فصل ۷: آمار و احتمال	متغیر و انواع آن
iran:G10_riazi_amar1_humanities:1:19423f	iran	G10_riazi_amar1_humanities	10	فصل ۱: معادلهٔ درجهٔ دوم	معادله و مسائل توصیفی
iran:G10_riazi_amar1_humanities:1:3bf08e	iran	G10_riazi_amar1_humanities	10	فصل ۱: معادلهٔ درجهٔ دوم	حل معادلهٔ درجهٔ ۲ و کاربردها
iran:G10_riazi_amar1_humanities:1:427df3	iran	G10_riazi_amar1_humanities	10	فصل ۱: معادلهٔ درجهٔ دوم	معادله‌های شامل عبارت‌های گویا
iran:G10_riazi_amar1_humanities:2:1f1776	iran	G10_riazi_amar1_humanities	10	فصل ۲: تابع	مفهوم تابع
iran:G10_riazi_amar1_humanities:2:e29c4b	iran	G10_riazi_amar1_humanities	10	فصل ۲: تابع	ضابطهٔ جبری تابع
iran:G10_riazi_amar1_humanities:2:396491	iran	G10_riazi_amar1_humanities	10	فصل ۲: تابع	نمودار تابع خطی
iran:G10_riazi_amar1_humanities:2:04c807	iran	G10_riazi_amar1_humanities	10	فصل ۲: تابع	نمودار تابع درجهٔ ۲
iran:G10_riazi_amar1_humanities:3:831f21	iran	G10_riazi_amar1_humanities	10	فصل ۳: کار با داده‌های آماری	گردآوری داده‌ها
iran:G10_riazi_amar1_humanities:3:a6fbe3	iran	G10_riazi_amar1_humanities	10	فصل ۳: کار با داده‌های آماری	معیارهای گرایش به مرکز
iran:G10_riazi_amar1_humanities:3:058195	iran	G10_riazi_amar1_humanities	10	فصل ۳: کار با داده‌های آماری	معیارهای پراکندگی
iran:G10_riazi_amar1_humanities:4:e3b84b	iran	G10_riazi_amar1_humanities	10	فصل ۴: نمایش داده‌ها	نمودارهای یک‌متغیَره
iran:G10_riazi_amar1_humanities:4:0a6a15	iran	G10_riazi_amar1_humanities	10	فصل ۴: نمایش داده‌ها	نمودارهای چندمتغیَره
iran:G11_amar_ehtemal_math:1:b18856	iran	G11_amar_ehtemal_math	11	فصل ۱: آشنایی با مبانی ریاضیات	آشنایی با منطق ریاضی
iran:G11_amar_ehtemal_math:1:bb124c	iran	G11_amar_ehtemal_math	11	فصل ۱: آشنایی با مبانی ریاضیات	جبر مجموعه‌ها
iran:G11_amar_ehtemal_math:2:443c1c	iran	G11_amar_ehtemal_math	11	فصل ۲: احتمال	مبانی احتمال
iran:G11_amar_ehtemal_math:2:e8de49	iran	G11_amar_ehtemal_math	11	فصل ۲: احتمال	احتمال غیرهم‌شانس
iran:G11_amar_ehtemal_math:2:4147b1	iran	G11_amar_ehtemal_math	11	فصل ۲: احتمال	احتمال شرطی
iran:G11_amar_ehtemal_math:2:29e3b4	iran	G11_amar_ehtemal_math	11	فصل ۲: احتمال	پیشامدهای مستقل و وابسته
iran:G11_amar_ehtemal_math:3:b97329	iran	G11_amar_ehtemal_math	11	فصل ۳: آمار توصیفی	توصیف و نمایش داده‌ها
iran:G11_amar_ehtemal_math:3:a6fbe3	iran	G11_amar_ehtemal_math	11	فصل ۳: آمار توصیفی	معیارهای گرایش به مرکز
iran:G11_amar_ehtemal_math:3:058195	iran	G11_amar_ehtemal_math	11	فصل ۳: آمار توصیفی	معیارهای پراکندگی
iran:G11_amar_ehtemal_math:4:831f21	iran	G11_amar_ehtemal_math	11	فصل ۴: آمار استنباطی	گردآوری داده‌ها
iran:G11_amar_ehtemal_math:4:5df507	iran	G11_amar_ehtemal_math	11	فصل ۴: آمار استنباطی	برآورد
iran:G11_hendese2_math:1:ce27c8	iran	G11_hendese2_math	11	فصل ۱: دایره	مفاهیم اولیه و زاویه‌ها در دایره
iran:G11_hendese2_math:1:b3b2cb	iran	G11_hendese2_math	11	فصل ۱: دایره	رابطه‌های طولی در دایره
iran:G11_hendese2_math:1:f2c465	iran	G11_hendese2_math	11	فصل ۱: دایره	چند ضلعی‌های محاطی و محیطی
iran:G11_hendese2_math:2:dba6ab	iran	G11_hendese2_math	11	فصل ۲: تبدیل‌های هندسی و کاربردها	تبدیل‌های هندسی
iran:G11_hendese2_math:2:bfcff0	iran	G11_hendese2_math	11	فصل ۲: تبدیل‌های هندسی و کاربردها	کاربرد تبدیل‌ها
iran:G11_hendese2_math:3:e22f71	iran	G11_hendese2_math	11	فصل ۳: روابط طولی در مثلث	قضیهٔ سینوس‌ها
iran:G11_hendese2_math:3:52732e	iran	G11_hendese2_math	11	فصل ۳: روابط طولی در مثلث	قضیهٔ کسینوس‌ها
iran:G11_hendese2_math:3:e34e98	iran	G11_hendese2_math	11	فصل ۳: روابط طولی در مثلث	قضیهٔ نیمسازهای زوایای داخلی و محاسبهٔ طول نیمسازها
iran:G11_hendese2_math:3:9c9b77	iran	G11_hendese2_math	11	فصل ۳: روابط طولی در مثلث	قضیهٔ هرون (محاسبهٔ ارتفاع‌ها و مساحت مثلث)
iran:G11_hesaban1_math:1:a1055b	iran	G11_hesaban1_math	11	فصل ۱: جبر و معادله	مجموع جملات دنباله‌های حسابی و هندسی
iran:G11_hesaban1_math:1:e0998c	iran	G11_hesaban1_math	11	فصل ۱: جبر و معادله	معادلات درجه دوم
iran:G11_hesaban1_math:1:e68901	iran	G11_hesaban1_math	11	فصل ۱: جبر و معادله	معادلات گویا و گنگ
iran:G11_hesaban1_math:1:cf8148	iran	G11_hesaban1_math	11	فصل ۱: جبر و معادله	قدر مطلق و ویژگی‌های آن
iran:G11_hesaban1_math:1:9d041a	iran	G11_hesaban1_math	11	فصل ۱: جبر و معادله	آشنایی با هندسه تحلیلی
iran:G11_hesaban1_math:2:da35bc	iran	G11_hesaban1_math	11	فصل ۲: تابع	آشنایی بیشتر با تابع
iran:G11_hesaban1_math:2:ea74f8	iran	G11_hesaban1_math	11	فصل ۲: تابع	انواع توابع
iran:G11_hesaban1_math:2:9429eb	iran	G11_hesaban1_math	11	فصل ۲: تابع	وارون تابع
iran:G11_hesaban1_math:2:6e442e	iran	G11_hesaban1_math	11	فصل ۲: تابع	اعمال روی توابع
iran:G11_hesaban1_math:3:20129f	iran	G11_hesaban1_math	11	فصل ۳: توابع نمایی و لگاریتمی	تابع نمایی
iran:G11_hesaban1_math:3:796863	iran	G11_hesaban1_math	11	فصل ۳: توابع نمایی و لگاریتمی	تابع لگاریتمی و لگاریتم
iran:G11_hesaban1_math:3:1afd10	iran	G11_hesaban1_math	11	فصل ۳: توابع نمایی و لگاریتمی	ویژگی‌های لگاریتم و حل معادله‌های لگاریتمی
iran:G11_hesaban1_math:4:12ef54	iran	G11_hesaban1_math	11	فصل ۴: مثلثات	رادیان
iran:G11_hesaban1_math:4:16a554	iran	G11_hesaban1_math	11	فصل ۴: مثلثات	نسبت‌های مثلثاتی برخی زوایا
iran:G11_hesaban1_math:4:7dadf3	iran	G11_hesaban1_math	11	فصل ۴: مثلثات	توابع مثلثاتی
iran:G11_hesaban1_math:4:63cf2a	iran	G11_hesaban1_math	11	فصل ۴: مثلثات	روابط مثلثاتی مجموع و تفاضل زوایا
iran:G11_hesaban1_math:5:5bf048	iran	G11_hesaban1_math	11	فصل ۵: حد و پیوستگی	مفهوم حد و فرایندهای حدی
iran:G11_hesaban1_math:5:ce5599	iran	G11_hesaban1_math	11	فصل ۵: حد و پیوستگی	حدهای یک‌طرفه (حد چپ و حد راست)
iran:G11_hesaban1_math:5:4b77b6	iran	G11_hesaban1_math	11	فصل ۵: حد و پیوستگی	قضایای حد
iran:G11_hesaban1_math:5:896de9	iran	G11_hesaban1_math	11	فصل ۵: حد و پیوستگی	محاسبه حد توابع کسری (حالت ۰/۰)
iran:G11_riazi2_science:1:d9845f	iran	G11_riazi2_science	11	فصل ۱: هندسهٔ تحلیلی و جبر	هندسه تحلیلی
iran:G11_riazi2_science:1:93fb38	iran	G11_riazi2_science	11	فصل ۱: هندسهٔ تحلیلی و جبر	معادلهٔ درجهٔ دوم و تابع درجه۲
iran:G11_riazi2_science:1:75bec2	iran	G11_riazi2_science	11	فصل ۱: هندسهٔ تحلیلی و جبر	معادلات گویا و معادلات رادیکالی
iran:G11_riazi2_science:2:95ec6f	iran	G11_riazi2_science	11	فصل ۲: هندسه	ترسیم‌های هندسی
iran:G11_riazi2_science:2:344811	iran	G11_riazi2_science	11	فصل ۲: هندسه	استدلال و قضیهٔ تالس
iran:G11_riazi2_science:2:020a47	iran	G11_riazi2_science	11	فصل ۲: هندسه	تشابه مثلث‌ها
iran:G11_riazi2_science:3:7768ff	iran	G11_riazi2_science	11	فصل ۳: تابع	آشنایی با برخی از انواع توابع
iran:G11_riazi2_science:3:e7e25d	iran	G11_riazi2_science	11	فصل ۳: تابع	وارون یک تابع و تابع یک به یک
iran:G11_riazi2_science:3:aa5822	iran	G11_riazi2_science	11	فصل ۳: تابع	اعمال جبری روی توابع
iran:G11_riazi2_science:4:645809	iran	G11_riazi2_science	11	فصل ۴: مثلثات	واحدهای اندازه‌گیری زاویه
iran:G11_riazi2_science:4:5e5aa1	iran	G11_riazi2_science	11	فصل ۴: مثلثات	روابط تکمیلی بین نسبت‌های مثلثاتی
iran:G11_riazi2_science:4:7dadf3	iran	G11_riazi2_science	11	فصل ۴: مثلثات	توابع مثلثاتی
iran:G11_riazi2_science:5:cb14f3	iran	G11_riazi2_science	11	فصل ۵: توابع نمایی و لگاریتمی	تابع نمایی و ویژگی‌های آن
iran:G11_riazi2_science:5:98ede4	iran	G11_riazi2_science	11	فصل ۵: توابع نمایی و لگاریتمی	تابع لگاریتمی و ویژگی‌های آن
iran:G11_riazi2_science:5:41b81a	iran	G11_riazi2_science	11	فصل ۵: توابع نمایی و لگاریتمی	نمودارها و کاربردهای توابع نمایی و لگاریتمی
iran:G11_riazi2_science:6:ed2848	iran	G11_riazi2_science	11	فصل ۶: حد و پیوستگی	فرایندهای حدی
iran:G11_riazi2_science:6:4f08e1	iran	G11_riazi2_science	11	فصل ۶: حد و پیوستگی	محاسبه حد توابع
iran:G11_riazi2_science:7:ff5e6a	iran	G11_riazi2_science	11	فصل ۷: آمار و احتمال	احتمال شرطی و پیشامدهای مستقل
iran:G11_riazi2_science:7:4b345d	iran	G11_riazi2_science	11	فصل ۷: آمار و احتمال	آمار توصیفی
iran:G11_riazi_amar2_humanities:1:e3465f	iran	G11_riazi_amar2_humanities	11	فصل ۱: آشنایی با منطق و استدلال ریاضی	گزاره‌ها و ترکیب گزاره‌ها
iran:G11_riazi_amar2_humanities:1:03bbdd	iran	G11_riazi_amar2_humanities	11	فصل ۱: آشنایی با منطق و استدلال ریاضی	استدلال ریاضی
iran:G11_riazi_amar2_humanities:2:f91cff	iran	G11_riazi_amar2_humanities	11	فصل ۲: تابع	توابع ثابت، چندضابطه‌ای و همانی
iran:G11_riazi_amar2_humanities:2:b6c7ee	iran	G11_riazi_amar2_humanities	11	فصل ۲: تابع	توابع پلکانی و قدر مطلق
iran:G11_riazi_amar2_humanities:2:b593d6	iran	G11_riazi_amar2_humanities	11	فصل ۲: تابع	اعمال بر روی توابع
iran:G11_riazi_amar2_humanities:3:1e9545	iran	G11_riazi_amar2_humanities	11	فصل ۳: آمار	شاخص‌های آماری
iran:G11_riazi_amar2_humanities:3:5decec	iran	G11_riazi_amar2_humanities	11	فصل ۳: آمار	سری‌های زمانی
iran:G12_gosaste_math:1:03bbdd	iran	G12_gosaste_math	12	فصل ۱: آشنایی با نظریهٔ اعداد	استدلال ریاضی
iran:G12_gosaste_math:1:fcf249	iran	G12_gosaste_math	12	فصل ۱: آشنایی با نظریهٔ اعداد	بخش‌پذیری در اعداد صحیح
iran:G12_gosaste_math:1:52bb33	iran	G12_gosaste_math	12	فصل ۱: آشنایی با نظریهٔ اعداد	هم‌نهشتی در اعداد صحیح و کاربردها
iran:G12_gosaste_math:2:7fecc0	iran	G12_gosaste_math	12	فصل ۲: گراف و مدل‌سازی	معرفی گراف
iran:G12_gosaste_math:2:648afb	iran	G12_gosaste_math	12	فصل ۲: گراف و مدل‌سازی	مدل‌سازی با گراف
iran:G12_gosaste_math:3:131cee	iran	G12_gosaste_math	12	فصل ۳: ترکیبیات (شمارش)	مباحثی در ترکیبیات
iran:G12_gosaste_math:3:99ed0b	iran	G12_gosaste_math	12	فصل ۳: ترکیبیات (شمارش)	روش‌هایی برای شمارش
iran:G12_hendese3_math:1:9a572f	iran	G12_hendese3_math	12	فصل ۱: ماتریس و کاربردها	ماتریس و اعمال روی ماتریس‌ها
iran:G12_hendese3_math:1:b97dc6	iran	G12_hendese3_math	12	فصل ۱: ماتریس و کاربردها	وارون ماتریس و دترمینان
iran:G12_hendese3_math:2:31f899	iran	G12_hendese3_math	12	فصل ۲: آشنایی با مقاطع مخروطی	آشنایی با مقاطع مخروطی و مکان هندسی
iran:G12_hendese3_math:2:07c8f7	iran	G12_hendese3_math	12	فصل ۲: آشنایی با مقاطع مخروطی	دایره
iran:G12_hendese3_math:2:822cec	iran	G12_hendese3_math	12	فصل ۲: آشنایی با مقاطع مخروطی	بیضی و سهمی
iran:G12_hendese3_math:3:25bdce	iran	G12_hendese3_math	12	فصل ۳: بردارها	معرفی فضای ℝ³
iran:G12_hendese3_math:3:d1e6f6	iran	G12_hendese3_math	12	فصل ۳: بردارها	ضرب داخلی و ضرب خارجی بردارها
iran:G12_hesaban2_math:1:9111a3	iran	G12_hesaban2_math	12	فصل ۱: تابع	تبدیل نمودار توابع
iran:G12_hesaban2_math:1:06772d	iran	G12_hesaban2_math	12	فصل ۱: تابع	تابع درجه سوم، توابع یکنوا و بخش‌پذیری و تقسیم
iran:G12_hesaban2_math:2:20b225	iran	G12_hesaban2_math	12	فصل ۲: مثلثات	تناوب و تانژانت
iran:G12_hesaban2_math:2:104b78	iran	G12_hesaban2_math	12	فصل ۲: مثلثات	معادلات مثلثاتی
iran:G12_hesaban2_math:3:66ecc5	iran	G12_hesaban2_math	12	فصل ۳: حدهای نامتناهی ـ حد در بی‌نهایت	حدهای نامتناهی
iran:G12_hesaban2_math:3:c1e07a	iran	G12_hesaban2_math	12	فصل ۳: حدهای نامتناهی ـ حد در بی‌نهایت	حد در بی‌نهایت
iran:G12_hesaban2_math:4:178dc6	iran	G12_hesaban2_math	12	فصل ۴: مشتق	آشنایی با مفهوم مشتق
iran:G12_hesaban2_math:4:f48815	iran	G12_hesaban2_math	12	فصل ۴: مشتق	مشتق‌پذیری و پیوستگی
iran:G12_hesaban2_math:4:e5f3f5	iran	G12_hesaban2_math	12	فصل ۴: مشتق	آهنگ متوسط تغییر و آهنگ لحظه‌ای تغییر
iran:G12_hesaban2_math:5:4614df	iran	G12_hesaban2_math	12	فصل ۵: کاربردهای مشتق	اکسترمم‌های یک تابع و توابع صعودی و نزولی
iran:G12_hesaban2_math:5:033be4	iran	G12_hesaban2_math	12	فصل ۵: کاربردهای مشتق	جهت تقعر نمودار یک تابع و نقطهٔ عطف آن
iran:G12_hesaban2_math:5:ae4e97	iran	G12_hesaban2_math	12	فصل ۵: کاربردهای مشتق	رسم نمودار تابع
iran:G12_riazi3_science:1:0b2795	iran	G12_riazi3_science	12	فصل ۱: تابع	توابع چندجمله‌ای، توابع صعودی و نزولی
iran:G12_riazi3_science:1:19b9d9	iran	G12_riazi3_science	12	فصل ۱: تابع	ترکیب توابع
iran:G12_riazi3_science:1:a202d2	iran	G12_riazi3_science	12	فصل ۱: تابع	تابع وارون
iran:G12_riazi3_science:2:20b225	iran	G12_riazi3_science	12	فصل ۲: مثلثات	تناوب و تانژانت
iran:G12_riazi3_science:2:104b78	iran	G12_riazi3_science	12	فصل ۲: مثلثات	معادلات مثلثاتی
iran:G12_riazi3_science:3:c09d31	iran	G12_riazi3_science	12	فصل ۳: حد بی‌نهایت و حد در بی‌نهایت	حد بی‌نهایت
iran:G12_riazi3_science:3:c1e07a	iran	G12_riazi3_science	12	فصل ۳: حد بی‌نهایت و حد در بی‌نهایت	حد در بی‌نهایت
iran:G12_riazi3_science:4:178dc6	iran	G12_riazi3_science	12	فصل ۴: مشتق	آشنایی با مفهوم مشتق
iran:G12_riazi3_science:4:f48815	iran	G12_riazi3_science	12	فصل ۴: مشتق	مشتق‌پذیری و پیوستگی
iran:G12_riazi3_science:4:68c0a3	iran	G12_riazi3_science	12	فصل ۴: مشتق	آهنگ تغییر
iran:G12_riazi3_science:5:8fc7a6	iran	G12_riazi3_science	12	فصل ۵: کاربرد مشتق	اکسترمم‌های تابع
iran:G12_riazi3_science:5:ebb6c4	iran	G12_riazi3_science	12	فصل ۵: کاربرد مشتق	بهینه‌سازی
iran:G12_riazi3_science:6:6c17d6	iran	G12_riazi3_science	12	فصل ۶: هندسه	تفکر تجسمی و آشنایی با مقاطع مخروطی
iran:G12_riazi3_science:6:07c8f7	iran	G12_riazi3_science	12	فصل ۶: هندسه	دایره
iran:G12_riazi3_science:7:0a1326	iran	G12_riazi3_science	12	فصل ۷: احتمال	قانون احتمال کل
iran:G12_riazi_amar3_humanities:1:fc8609	iran	G12_riazi_amar3_humanities	12	فصل ۱: آمار و احتمال	شمارش
iran:G12_riazi_amar3_humanities:1:fdfab2	iran	G12_riazi_amar3_humanities	12	فصل ۱: آمار و احتمال	احتمال
iran:G12_riazi_amar3_humanities:1:70ee3a	iran	G12_riazi_amar3_humanities	12	فصل ۱: آمار و احتمال	چرخه آمار در حل مسائل
iran:G12_riazi_amar3_humanities:2:41cecf	iran	G12_riazi_amar3_humanities	12	فصل ۲: الگوهای خطی	مدل سازی و دنباله
iran:G12_riazi_amar3_humanities:2:ae8554	iran	G12_riazi_amar3_humanities	12	فصل ۲: الگوهای خطی	دنباله‌های حسابی
iran:G12_riazi_amar3_humanities:3:5d7520	iran	G12_riazi_amar3_humanities	12	فصل ۳: الگوهای غیرخطی	دنبالهٔ هندسی
iran:G12_riazi_amar3_humanities:3:787172	iran	G12_riazi_amar3_humanities	12	فصل ۳: الگوهای غیرخطی	ریشه nاُم و توان گویا
iran:G12_riazi_amar3_humanities:3:20129f	iran	G12_riazi_amar3_humanities	12	فصل ۳: الگوهای غیرخطی	تابع نمایی
af:AF_G01_riazi:1:cd2dd1	af	AF_G01_riazi	1	دورهٔ آماده‌گی	دورهٔ آماده‌گی
af:AF_G01_riazi:2:8d7a12	af	AF_G01_riazi	1	فصل ۱: شمارش و شناخت اعداد تا ۹	فصل ۱: شمارش و شناخت اعداد تا ۹
af:AF_G01_riazi:3:a1bcf7	af	AF_G01_riazi	1	فصل ۲: جمع اعداد یک‌رقمی	فصل ۲: جمع اعداد یک‌رقمی
af:AF_G01_riazi:4:b4a376	af	AF_G01_riazi	1	فصل ۳: تفریق اعداد یک‌رقمی از اعداد یک‌رقمی	فصل ۳: تفریق اعداد یک‌رقمی از اعداد یک‌رقمی
af:AF_G01_riazi:5:5ef0aa	af	AF_G01_riazi	1	فصل ۴: شمارش، خواندن و نوشتن اعداد تا ۲۰	فصل ۴: شمارش، خواندن و نوشتن اعداد تا ۲۰
af:AF_G01_riazi:6:239dd9	af	AF_G01_riazi	1	فصل ۵: شناخت شکل‌های هندسی، خورد، کلان، سبک، سنگین، دراز و کوتاه	فصل ۵: شناخت شکل‌های هندسی، خورد، کلان، سبک، سنگین، دراز و کوتاه
af:AF_G01_riazi:7:4b474c	af	AF_G01_riazi	1	فصل ۶: شمارش، خواندن و نوشتن تا ۹۹ و شناخت یک‌ها و ده‌ها	فصل ۶: شمارش، خواندن و نوشتن تا ۹۹ و شناخت یک‌ها و ده‌ها
af:AF_G01_riazi:8:48b66b	af	AF_G01_riazi	1	فصل ۷: جمع ده‌های پوره	فصل ۷: جمع ده‌های پوره
af:AF_G01_riazi:9:96d6b4	af	AF_G01_riazi	1	فصل ۸: جمع اعداد دو رقمی با اعداد یک رقمی	فصل ۸: جمع اعداد دو رقمی با اعداد یک رقمی
af:AF_G01_riazi:10:1fd6a0	af	AF_G01_riazi	1	فصل ۹: تفریق دو عدد دو رقمی	فصل ۹: تفریق دو عدد دو رقمی
af:AF_G02_riazi:1:e68afa	af	AF_G02_riazi	2	فصل ۱: شمارش و ترتیب اعداد از (۱-۱۰۰)	مفهوم عدد
af:AF_G02_riazi:1:ac4d13	af	AF_G02_riazi	2	فصل ۱: شمارش و ترتیب اعداد از (۱-۱۰۰)	شمارش متناوب (دو، دو، پنج، پنج... زیاد کردن)
af:AF_G02_riazi:1:41fa06	af	AF_G02_riazi	2	فصل ۱: شمارش و ترتیب اعداد از (۱-۱۰۰)	مشق و تمرین
af:AF_G02_riazi:1:40e6a5	af	AF_G02_riazi	2	فصل ۱: شمارش و ترتیب اعداد از (۱-۱۰۰)	مقایسه و ترتیب اعداد تا ۱۰۰
af:AF_G02_riazi:1:f17b13	af	AF_G02_riazi	2	فصل ۱: شمارش و ترتیب اعداد از (۱-۱۰۰)	ترتیب اعداد تا ۱۰۰
af:AF_G02_riazi:1:bf9210	af	AF_G02_riazi	2	فصل ۱: شمارش و ترتیب اعداد از (۱-۱۰۰)	مشق و تمرین شمارش متناوب
af:AF_G02_riazi:1:d8102f	af	AF_G02_riazi	2	فصل ۱: شمارش و ترتیب اعداد از (۱-۱۰۰)	قبل، بعد، بین، زیاد و کم
af:AF_G02_riazi:1:0ccaf8	af	AF_G02_riazi	2	فصل ۱: شمارش و ترتیب اعداد از (۱-۱۰۰)	اعداد ترتیبی یا توصیفی
af:AF_G02_riazi:2:d43636	af	AF_G02_riazi	2	فصل ۲: قیمت مقامی و عملیه‌ها در اعداد از (۱- ۱۰۰)	مفهوم قیمت مقامی
af:AF_G02_riazi:2:94fca0	af	AF_G02_riazi	2	فصل ۲: قیمت مقامی و عملیه‌ها در اعداد از (۱- ۱۰۰)	جمع اعداد الی ۹۹
af:AF_G02_riazi:2:e59cc1	af	AF_G02_riazi	2	فصل ۲: قیمت مقامی و عملیه‌ها در اعداد از (۱- ۱۰۰)	خاصیت تبدیلی در عملیهٔ جمع
af:AF_G02_riazi:2:886efd	af	AF_G02_riazi	2	فصل ۲: قیمت مقامی و عملیه‌ها در اعداد از (۱- ۱۰۰)	جمع کردن سه جزء جمع
af:AF_G02_riazi:2:ad056d	af	AF_G02_riazi	2	فصل ۲: قیمت مقامی و عملیه‌ها در اعداد از (۱- ۱۰۰)	تفریق
af:AF_G02_riazi:2:46d341	af	AF_G02_riazi	2	فصل ۲: قیمت مقامی و عملیه‌ها در اعداد از (۱- ۱۰۰)	رابطه بین جمع و تفریق
af:AF_G02_riazi:2:80d12e	af	AF_G02_riazi	2	فصل ۲: قیمت مقامی و عملیه‌ها در اعداد از (۱- ۱۰۰)	معرفی اعداد جفت و تاق
af:AF_G02_riazi:3:cdc087	af	AF_G02_riazi	2	فصل ۳: جمع اعداد دو رقمی	جمع اعداد دورقمی با اعداد یک‌رقمی که حاصل داشته باشد
af:AF_G02_riazi:3:96085b	af	AF_G02_riazi	2	فصل ۳: جمع اعداد دو رقمی	جمع اعداد دورقمی با اعداد دورقمی که حاصل داشته باشد
af:AF_G02_riazi:3:7720e3	af	AF_G02_riazi	2	فصل ۳: جمع اعداد دو رقمی	جمع کردن سه جزء جمع که حاصل داشته باشند
af:AF_G02_riazi:4:7f36dc	af	AF_G02_riazi	2	فصل ۴: تفریق اعداد دو رقمی	تفریق عدد یک‌رقمی از عدد دو رقمی با قرض گرفتن
af:AF_G02_riazi:4:96564b	af	AF_G02_riazi	2	فصل ۴: تفریق اعداد دو رقمی	تفریق اعداد دورقمی از اعداد دو رقمی با قرض گرفتن
af:AF_G02_riazi:4:ed8d2f	af	AF_G02_riazi	2	فصل ۴: تفریق اعداد دو رقمی	امتحان عملیه‌های جمع و تفریق توسط یکدیگر
af:AF_G02_riazi:4:e3ff7b	af	AF_G02_riazi	2	فصل ۴: تفریق اعداد دو رقمی	امتحان عملیهٔ تفریق
af:AF_G02_riazi:4:cf7f52	af	AF_G02_riazi	2	فصل ۴: تفریق اعداد دو رقمی	جمع کردن اعداد با چوت
af:AF_G02_riazi:4:56c13c	af	AF_G02_riazi	2	فصل ۴: تفریق اعداد دو رقمی	تفریق اعداد با چوت
af:AF_G02_riazi:5:6e6df2	af	AF_G02_riazi	2	فصل ۵: خواندن و نوشتن اعداد از (۱۰۰- ۱۰۰۰)	خواندن و نوشتن اعداد از (۱۰۰-۱۰۰۰)
af:AF_G02_riazi:5:a10990	af	AF_G02_riazi	2	فصل ۵: خواندن و نوشتن اعداد از (۱۰۰- ۱۰۰۰)	یک‌ها، ده‌ها و صدها
af:AF_G02_riazi:5:a10990~2	af	AF_G02_riazi	2	فصل ۵: خواندن و نوشتن اعداد از (۱۰۰- ۱۰۰۰)	یک‌ها، ده‌ها و صدها
af:AF_G02_riazi:5:c7076c	af	AF_G02_riazi	2	فصل ۵: خواندن و نوشتن اعداد از (۱۰۰- ۱۰۰۰)	قیمت مقامی اعداد تا (۱۰۰۰)
af:AF_G02_riazi:5:c9b48f	af	AF_G02_riazi	2	فصل ۵: خواندن و نوشتن اعداد از (۱۰۰- ۱۰۰۰)	عدد قبل، بعد و بین دو عدد
af:AF_G02_riazi:5:c7fc62	af	AF_G02_riazi	2	فصل ۵: خواندن و نوشتن اعداد از (۱۰۰- ۱۰۰۰)	مقایسهٔ اعداد
af:AF_G02_riazi:5:fc1629	af	AF_G02_riazi	2	فصل ۵: خواندن و نوشتن اعداد از (۱۰۰- ۱۰۰۰)	ترتیب اعداد نظربه قیمت مقامی
af:AF_G02_riazi:6:f93884	af	AF_G02_riazi	2	فصل ۶: جمع و تفریق اعداد سه رقمی	جمع کردن صدها
af:AF_G02_riazi:6:fd76ac	af	AF_G02_riazi	2	فصل ۶: جمع و تفریق اعداد سه رقمی	جمع کردن یک‌عدد سه رقمی با عدد سه رقمی که رقم یک‌ها و ده‌های آن صفر باشد
af:AF_G02_riazi:6:55bcd5	af	AF_G02_riazi	2	فصل ۶: جمع و تفریق اعداد سه رقمی	جمع کردن اعداد سه رقمی
af:AF_G02_riazi:6:ac7107	af	AF_G02_riazi	2	فصل ۶: جمع و تفریق اعداد سه رقمی	جمع اعداد سه رقمی که حاصل داشته باشد
af:AF_G02_riazi:6:023a5d	af	AF_G02_riazi	2	فصل ۶: جمع و تفریق اعداد سه رقمی	تفریق اعداد سه رقمی
af:AF_G02_riazi:6:03fa8b	af	AF_G02_riazi	2	فصل ۶: جمع و تفریق اعداد سه رقمی	تفریق اعداد سه رقمی با قرض گرفتن
af:AF_G02_riazi:6:06ac06	af	AF_G02_riazi	2	فصل ۶: جمع و تفریق اعداد سه رقمی	تفریق اعداد سه رقمی که یک‌ها و ده‌های آن صفر باشد
af:AF_G02_riazi:7:d62853	af	AF_G02_riazi	2	فصل ۷: عملیه های ضرب و تقسیم اعداد	مفهوم ضرب
af:AF_G02_riazi:7:189fe3	af	AF_G02_riazi	2	فصل ۷: عملیه های ضرب و تقسیم اعداد	جمع اعدادی که اجزای مساوی دارند (جمع اعداد تکراری)
af:AF_G02_riazi:7:c3af40	af	AF_G02_riazi	2	فصل ۷: عملیه های ضرب و تقسیم اعداد	ضرب
af:AF_G02_riazi:7:d357c2	af	AF_G02_riazi	2	فصل ۷: عملیه های ضرب و تقسیم اعداد	ساختن قطارها
af:AF_G02_riazi:7:0824aa	af	AF_G02_riazi	2	فصل ۷: عملیه های ضرب و تقسیم اعداد	خاصیت تبدیلی در ضرب
af:AF_G02_riazi:7:fafedf	af	AF_G02_riazi	2	فصل ۷: عملیه های ضرب و تقسیم اعداد	ضرب کردن به شکل عمودی
af:AF_G02_riazi:7:4026fb	af	AF_G02_riazi	2	فصل ۷: عملیه های ضرب و تقسیم اعداد	نمایش ضرب با استفاده از اشکال
af:AF_G02_riazi:7:feec5f	af	AF_G02_riazi	2	فصل ۷: عملیه های ضرب و تقسیم اعداد	ضرب عدد یک‌رقمی در دورقمی
af:AF_G02_riazi:7:2af2b3	af	AF_G02_riazi	2	فصل ۷: عملیه های ضرب و تقسیم اعداد	خاصیت عدد (۱) در عملیهٔ ضرب
af:AF_G02_riazi:7:9c77a7	af	AF_G02_riazi	2	فصل ۷: عملیه های ضرب و تقسیم اعداد	خاصیت صفر(۰) در عملیهٔ ضرب
af:AF_G02_riazi:7:f0fa07	af	AF_G02_riazi	2	فصل ۷: عملیه های ضرب و تقسیم اعداد	ساختن گروه‌ها
af:AF_G02_riazi:7:f5ee38	af	AF_G02_riazi	2	فصل ۷: عملیه های ضرب و تقسیم اعداد	ساختن گروه‌های مساوی
af:AF_G02_riazi:7:c65d94	af	AF_G02_riazi	2	فصل ۷: عملیه های ضرب و تقسیم اعداد	مفهوم تقسیم
af:AF_G02_riazi:7:43c405	af	AF_G02_riazi	2	فصل ۷: عملیه های ضرب و تقسیم اعداد	رابطهٔ بین ضرب و تقسیم
af:AF_G02_riazi:7:7f7bf5	af	AF_G02_riazi	2	فصل ۷: عملیه های ضرب و تقسیم اعداد	تقسیم یک‌عدد به خودش
af:AF_G02_riazi:7:c368ff	af	AF_G02_riazi	2	فصل ۷: عملیه های ضرب و تقسیم اعداد	تقسیم یک‌عدد به(۱)
af:AF_G02_riazi:8:53eecd	af	AF_G02_riazi	2	فصل ۸: واحدهای اندازه گیری	واحدهای غیر معیاری
af:AF_G02_riazi:8:08d426	af	AF_G02_riazi	2	فصل ۸: واحدهای اندازه گیری	واحدهای معیاری (متر، سانتی‌متر و ملی متر)
af:AF_G02_riazi:8:8d3af1	af	AF_G02_riazi	2	فصل ۸: واحدهای اندازه گیری	اندازه کردن طول قطعه خطها توسط خط‌کش
af:AF_G02_riazi:9:28fd4b	af	AF_G02_riazi	2	فصل ۹: هندسه	شناخت شکل‌های هندسی
af:AF_G02_riazi:9:035010	af	AF_G02_riazi	2	فصل ۹: هندسه	محیط
af:AF_G02_riazi:10:b11a52	af	AF_G02_riazi	2	فصل ۱۰: معرفی‌کسر در اشکال و اشیا	کسر در اشکال هندسی
af:AF_G02_riazi:10:737c90	af	AF_G02_riazi	2	فصل ۱۰: معرفی‌کسر در اشکال و اشیا	نمایش حصه‌یی از یک کسر
af:AF_G03_riazi:1:05decd	af	AF_G03_riazi	3	فصل ۱	۱. قیمت مقامی ارقام
af:AF_G03_riazi:1:a4b6a9	af	AF_G03_riazi	3	فصل ۱	۲. تجسس و تخمین
af:AF_G03_riazi:2:41ff96	af	AF_G03_riazi	3	فصل ۲	۳. خواندن و نوشتن اعداد از (۱۰۰۰ الی ۱۰۰۰۰)
af:AF_G03_riazi:2:5e14c8	af	AF_G03_riazi	3	فصل ۲	۴. معرفی اعداد از (۱۰۰۰۰ الی ۱۰۰۰۰۰)
af:AF_G03_riazi:3:8c4be9	af	AF_G03_riazi	3	فصل ۳	۵. عملیهٔ جمع با استفاده از ساختن گروه های ده دانه یی
af:AF_G03_riazi:3:9ace21	af	AF_G03_riazi	3	فصل ۳	۶. جمع اعداد چند رقمی با چند رقمی که حاصل جمع آن ها از ۱۰۰۰۰۰ زیاد نشود.
af:AF_G03_riazi:3:ba0e23	af	AF_G03_riazi	3	فصل ۳	۷. جمع اعدادی که اضافه از دو جزء داشته باشند
af:AF_G03_riazi:3:50b2e4	af	AF_G03_riazi	3	فصل ۳	۸. امتحان عملیهٔ جمع
af:AF_G03_riazi:4:c3ca97	af	AF_G03_riazi	3	فصل ۴	۹. تفریق اعداد دو رقمی، سه رقمی و چهار رقمی از یکدیگر
af:AF_G03_riazi:4:8f1eb7	af	AF_G03_riazi	3	فصل ۴	۱۰. اجرای عملیهٔ تفریق که ضرورت به قرض گرفتن باشد
af:AF_G03_riazi:4:49aa8c	af	AF_G03_riazi	3	فصل ۴	۱۱. امتحان عملیهٔ تفریق
af:AF_G03_riazi:5:825828	af	AF_G03_riazi	3	فصل ۵	۱۲. خط اعداد
af:AF_G03_riazi:5:1c5d59	af	AF_G03_riazi	3	فصل ۵	۱۳. مقایسهٔ اعداد در اطراف دو ده ها
af:AF_G03_riazi:5:ec55fb	af	AF_G03_riazi	3	فصل ۵	۱۴. عملیهٔ جمع با استفاده از خط اعداد
af:AF_G03_riazi:5:c65175	af	AF_G03_riazi	3	فصل ۵	۱۵. عملیهٔ تفریق با استفاده از خط اعداد
af:AF_G03_riazi:6:1e3372	af	AF_G03_riazi	3	فصل ۶	۱۶. معرفی مفهوم عملیهٔ ضرب
af:AF_G03_riazi:6:0a7917	af	AF_G03_riazi	3	فصل ۶	۱۸. جدول ضرب زبانی (۶، ۷)
af:AF_G03_riazi:6:e00ea2	af	AF_G03_riazi	3	فصل ۶	۱۹. جدول ضرب زبانی اعداد (۸، ۹ و ۱۰)
af:AF_G03_riazi:6:dd91ac	af	AF_G03_riazi	3	فصل ۶	۲۰. طریق استفاده از جدول ضرب زبانی (۱-۱۰)
af:AF_G03_riazi:6:ccb8fa	af	AF_G03_riazi	3	فصل ۶	۲۱. خاصیت تبدیلی در عملیهٔ ضرب
af:AF_G03_riazi:6:6824af	af	AF_G03_riazi	3	فصل ۶	۲۲. ضرب یک عدد به ۱، ۱۰ و ۱۰۰
af:AF_G03_riazi:7:52901e	af	AF_G03_riazi	3	فصل ۷	۲۳. واحد اندازه گیری طول (متر)
af:AF_G03_riazi:7:c69d98	af	AF_G03_riazi	3	فصل ۷	۲۴. سانتی متر
af:AF_G03_riazi:7:45ae4b	af	AF_G03_riazi	3	فصل ۷	۲۵. دیسی متر
af:AF_G03_riazi:7:b67a76	af	AF_G03_riazi	3	فصل ۷	۲۶. ملی متر
af:AF_G03_riazi:7:46e7ff	af	AF_G03_riazi	3	فصل ۷	۲۷. کیلو متر
af:AF_G03_riazi:8:7e0e5a	af	AF_G03_riazi	3	فصل ۸	۲۸. نقطه، قطعه خط، نیم خط و خط مستقیم
af:AF_G03_riazi:8:608a12	af	AF_G03_riazi	3	فصل ۸	۲۹. اقسام خط
af:AF_G03_riazi:8:ea0c4b	af	AF_G03_riazi	3	فصل ۸	۳۰. اقسام زاویه
af:AF_G03_riazi:8:935064	af	AF_G03_riazi	3	فصل ۸	۳۱. اشکال باز و بسته
af:AF_G03_riazi:8:d6322e	af	AF_G03_riazi	3	فصل ۸	۳۲. تخمین و اندازه گیری دقیق طول
af:AF_G03_riazi:8:2586e1	af	AF_G03_riazi	3	فصل ۸	۳۳. پیدا کردن محیط مربع، مستطیل و مثلث
af:AF_G03_riazi:9:d34b40	af	AF_G03_riazi	3	فصل ۹	۳۴. واحد اندازه گیری کتلهٔ (کیلو گرام)
af:AF_G03_riazi:9:c77e53	af	AF_G03_riazi	3	فصل ۹	۳۵. واحد اندازه گیری وقت (ساعت)
af:AF_G03_riazi:9:4118a8	af	AF_G03_riazi	3	فصل ۹	۳۶. هفته، ماه و سال
af:AF_G03_riazi:9:49a913	af	AF_G03_riazi	3	فصل ۹	۳۷. معرفی جنتری
af:AF_G03_riazi:9:835f7d	af	AF_G03_riazi	3	فصل ۹	۳۸. واحد اندازه گیری مایعات (لیتر)
af:AF_G03_riazi:9:dffe7e	af	AF_G03_riazi	3	فصل ۹	۳۹. ضرب اعداد یک رقمی به اعداد چند رقمی
af:AF_G03_riazi:9:52b9cd	af	AF_G03_riazi	3	فصل ۹	۴۰. ضرب اعداد دو رقمی به اعداد دو رقمی
af:AF_G03_riazi:9:671ab7	af	AF_G03_riazi	3	فصل ۹	۴۱. ضرب اعداد دو رقمی به اعداد سه رقمی
af:AF_G03_riazi:10:d4922c	af	AF_G03_riazi	3	فصل ۱۰	۴۲. عملیهٔ تقسیم
af:AF_G03_riazi:10:ac76ea	af	AF_G03_riazi	3	فصل ۱۰	۴۳. تقسیم اعداد دو رقمی به اعداد یک رقمی
af:AF_G03_riazi:10:1158b4	af	AF_G03_riazi	3	فصل ۱۰	۴۴. تقسیم اعداد سه رقمی به اعداد یک رقمی
af:AF_G03_riazi:10:e951c0	af	AF_G03_riazi	3	فصل ۱۰	۴۵. امتحان عملیه، ضرب و تقسیم توسط یکدیگر
af:AF_G03_riazi:11:209d1d	af	AF_G03_riazi	3	فصل ۱۱	۴۶. معرفی کسر
af:AF_G04_riazi:1:afc82f	af	AF_G04_riazi	4	تکرار مختصر صنف سوم	۱. تقویت مفهوم قیمت مقامی اعداد الی صدهزار
af:AF_G04_riazi:1:b330b2	af	AF_G04_riazi	4	تکرار مختصر صنف سوم	۲. تخمین نمودن
af:AF_G04_riazi:1:a2b171	af	AF_G04_riazi	4	تکرار مختصر صنف سوم	۳. جمع اعداد به صورت عمودی و افقی
af:AF_G04_riazi:1:2656db	af	AF_G04_riazi	4	تکرار مختصر صنف سوم	۴. تفریق اعداد به صورت عمودی و افقی
af:AF_G04_riazi:1:1d9648	af	AF_G04_riazi	4	تکرار مختصر صنف سوم	۵. ضرب
af:AF_G04_riazi:1:80e84b	af	AF_G04_riazi	4	تکرار مختصر صنف سوم	۶. تقسیم اعداد دو رقمی و سه رقمی بر اعداد یک رقمی
af:AF_G04_riazi:2:9a846a	af	AF_G04_riazi	4	فصل ۱	۷. طبقه بندی، خواندن و نوشتن اعداد تا ملیارد
af:AF_G04_riazi:2:9ef48a	af	AF_G04_riazi	4	فصل ۱	۸. ارائه اعداد به شکل توسعه‌یی
af:AF_G04_riazi:3:d1b714	af	AF_G04_riazi	4	فصل ۲: عملیه‌های چهارگانه	۹. جمع اعداد تا ملیارد
af:AF_G04_riazi:3:5e1a77	af	AF_G04_riazi	4	فصل ۲: عملیه‌های چهارگانه	۱۰. امتحان عملیهٔ جمع
af:AF_G04_riazi:3:3afea0	af	AF_G04_riazi	4	فصل ۲: عملیه‌های چهارگانه	۱۱. تفریق اعداد تا ملیارد
af:AF_G04_riazi:3:9ba0ab	af	AF_G04_riazi	4	فصل ۲: عملیه‌های چهارگانه	۱۲. امتحان عملیهٔ‌تفریق
af:AF_G04_riazi:3:6b6081	af	AF_G04_riazi	4	فصل ۲: عملیه‌های چهارگانه	۱۳. ضرب اعداد دو رقمی در دو رقمی
af:AF_G04_riazi:3:1387c8	af	AF_G04_riazi	4	فصل ۲: عملیه‌های چهارگانه	۱۴. ضرب اعداد دو رقمی در سه رقمی
af:AF_G04_riazi:3:cbb329	af	AF_G04_riazi	4	فصل ۲: عملیه‌های چهارگانه	۱۵. ضرب اعداد دو رقمی در چهار رقمی
af:AF_G04_riazi:3:e7cefa	af	AF_G04_riazi	4	فصل ۲: عملیه‌های چهارگانه	۱۶. ضرب اعداد دو رقمی در چند رقمی
af:AF_G04_riazi:3:1a1d06	af	AF_G04_riazi	4	فصل ۲: عملیه‌های چهارگانه	۱۷. تقسیم اعداد دو رقمی به دو رقمی
af:AF_G04_riazi:3:c8d879	af	AF_G04_riazi	4	فصل ۲: عملیه‌های چهارگانه	۱۸. تقسیم اعداد سه رقمی به دو رقمی
af:AF_G04_riazi:3:fb7c6a	af	AF_G04_riazi	4	فصل ۲: عملیه‌های چهارگانه	۱۹. تقسیم یک عدد چهار رقمی به دو رقمی
af:AF_G04_riazi:3:56ca91	af	AF_G04_riazi	4	فصل ۲: عملیه‌های چهارگانه	۲۰. امتحان عملیهٔ ضرب
af:AF_G04_riazi:3:d2e9a8	af	AF_G04_riazi	4	فصل ۲: عملیه‌های چهارگانه	۲۱. امتحان عملیهٔ تقسیم بدون باقیمانده
af:AF_G04_riazi:3:91d6f3	af	AF_G04_riazi	4	فصل ۲: عملیه‌های چهارگانه	۲۲. امتحان عملیهٔ تقسیم که باقیمانده داشته باشد
af:AF_G04_riazi:4:7bb703	af	AF_G04_riazi	4	فصل ۳: هندسه	۲۳. دریافت محیط مثلث
af:AF_G04_riazi:4:ba6651	af	AF_G04_riazi	4	فصل ۳: هندسه	۲۴. دریافت محیط مستطیل
af:AF_G04_riazi:4:795a9f	af	AF_G04_riazi	4	فصل ۳: هندسه	۲۵. دریافت محیط مربع
af:AF_G04_riazi:4:d80324	af	AF_G04_riazi	4	فصل ۳: هندسه	۲۶. دریافت محیط پنج ضلعی
af:AF_G04_riazi:4:efe5b8	af	AF_G04_riazi	4	فصل ۳: هندسه	۲۷. دریافت محیط شش ضلعی
af:AF_G04_riazi:4:8f7e2b	af	AF_G04_riazi	4	فصل ۳: هندسه	۲۸. معرفی سطح
af:AF_G04_riazi:4:207637	af	AF_G04_riazi	4	فصل ۳: هندسه	۲۹. معرفی دایره، سطح دایره‌یی قطر، شعاع و وتر دایره
af:AF_G04_riazi:4:073f9d	af	AF_G04_riazi	4	فصل ۳: هندسه	۳۰. معرفی واحد سطح و دریافت مساحت مربع
af:AF_G04_riazi:4:0a5707	af	AF_G04_riazi	4	فصل ۳: هندسه	۳۱. دریافت مساحت مستطیل
af:AF_G04_riazi:5:501ed8	af	AF_G04_riazi	4	فصل ۴: کسر عام	۳۲. مفهوم صورت کسر،مخرج کسر و خط کسری (خط بر)
af:AF_G04_riazi:5:b07096	af	AF_G04_riazi	4	فصل ۴: کسر عام	۳۳. مقایسه کسرهایی که دارای مخرج های مساوی اند
af:AF_G04_riazi:5:1177f9	af	AF_G04_riazi	4	فصل ۴: کسر عام	۳۴. جمع کسرهایی که مخرج های شان یکسان باشد
af:AF_G04_riazi:5:877f18	af	AF_G04_riazi	4	فصل ۴: کسر عام	۳۵. تفریق کسرهای عام که مخرج های شان یکسان باشد
af:AF_G04_riazi:6:9df876	af	AF_G04_riazi	4	فصل ۵: واحد های اندازه‌گیری	۳۶. واحد اندازه‌گیری طول
af:AF_G04_riazi:6:313645	af	AF_G04_riazi	4	فصل ۵: واحد های اندازه‌گیری	۳۷. واحد اندازه‌گیری کتله
af:AF_G04_riazi:6:bd00d6	af	AF_G04_riazi	4	فصل ۵: واحد های اندازه‌گیری	۳۸. واحد اندازه‌گیری ظرفیت
af:AF_G04_riazi:6:9d43c2	af	AF_G04_riazi	4	فصل ۵: واحد های اندازه‌گیری	۳۹. واحد مقیاس وقت
af:AF_G05_riazi:1:232642	af	AF_G05_riazi	5	فصل ۱: عملیه‌های جمع و تفریق اعداد چند رقمی	۱. جمع
af:AF_G05_riazi:1:f40e4c	af	AF_G05_riazi	5	فصل ۱: عملیه‌های جمع و تفریق اعداد چند رقمی	۲. تمرین
af:AF_G05_riazi:1:d5da66	af	AF_G05_riazi	5	فصل ۱: عملیه‌های جمع و تفریق اعداد چند رقمی	۳. سؤال‌های عبارتی
af:AF_G05_riazi:1:495f1b	af	AF_G05_riazi	5	فصل ۱: عملیه‌های جمع و تفریق اعداد چند رقمی	۴. تفریق
af:AF_G05_riazi:1:a81267	af	AF_G05_riazi	5	فصل ۱: عملیه‌های جمع و تفریق اعداد چند رقمی	۵. سؤال‌های عبارتی
af:AF_G05_riazi:1:c9e082	af	AF_G05_riazi	5	فصل ۱: عملیه‌های جمع و تفریق اعداد چند رقمی	۶. امتحان عملیهٔ جمع
af:AF_G05_riazi:1:a959ec	af	AF_G05_riazi	5	فصل ۱: عملیه‌های جمع و تفریق اعداد چند رقمی	۷. امتحان عملیهٔ تفریق
af:AF_G05_riazi:1:b58f4a	af	AF_G05_riazi	5	فصل ۱: عملیه‌های جمع و تفریق اعداد چند رقمی	۸. تمرین
af:AF_G05_riazi:1:1ca7b2	af	AF_G05_riazi	5	فصل ۱: عملیه‌های جمع و تفریق اعداد چند رقمی	۹. سؤال‌های عبارتی
af:AF_G05_riazi:1:a4ecaa	af	AF_G05_riazi	5	فصل ۱: عملیه‌های جمع و تفریق اعداد چند رقمی	۱۰. خاصیت تبدیلی، اتحادی و صفر در عملیهٔ جمع
af:AF_G05_riazi:1:477631	af	AF_G05_riazi	5	فصل ۱: عملیه‌های جمع و تفریق اعداد چند رقمی	۱۱. تمرین
af:AF_G05_riazi:2:f64bd3	af	AF_G05_riazi	5	فصل ۲: عملیه‌های ضرب، تقسیم و خواص عملیهٔ ضرب	۱۲. ضرب
af:AF_G05_riazi:2:a9e282	af	AF_G05_riazi	5	فصل ۲: عملیه‌های ضرب، تقسیم و خواص عملیهٔ ضرب	۱۳. ضرب اعداد صفردار
af:AF_G05_riazi:2:2179c3	af	AF_G05_riazi	5	فصل ۲: عملیه‌های ضرب، تقسیم و خواص عملیهٔ ضرب	۱۴. تقسیم
af:AF_G05_riazi:2:6889f9	af	AF_G05_riazi	5	فصل ۲: عملیه‌های ضرب، تقسیم و خواص عملیهٔ ضرب	۱۵. تقسیم اعداد چند رقمی به اعداد بالاتر از سه رقمی
af:AF_G05_riazi:2:4aa320	af	AF_G05_riazi	5	فصل ۲: عملیه‌های ضرب، تقسیم و خواص عملیهٔ ضرب	۱۶. امتحان عملیهٔ ضرب
af:AF_G05_riazi:2:9ddae8	af	AF_G05_riazi	5	فصل ۲: عملیه‌های ضرب، تقسیم و خواص عملیهٔ ضرب	۱۷. امتحان عملیهٔ تقسیم
af:AF_G05_riazi:2:5ea816	af	AF_G05_riazi	5	فصل ۲: عملیه‌های ضرب، تقسیم و خواص عملیهٔ ضرب	۱۸. تمرین
af:AF_G05_riazi:2:26d7d0	af	AF_G05_riazi	5	فصل ۲: عملیه‌های ضرب، تقسیم و خواص عملیهٔ ضرب	۱۹. خاصیت یک و صفر در عملیهٔ ضرب
af:AF_G05_riazi:2:4b98a9	af	AF_G05_riazi	5	فصل ۲: عملیه‌های ضرب، تقسیم و خواص عملیهٔ ضرب	۲۰. خاصیت تبدیلی و اتحادی در عملیهٔ ضرب و خاصیت توزیعی
af:AF_G05_riazi:2:a691a1	af	AF_G05_riazi	5	فصل ۲: عملیه‌های ضرب، تقسیم و خواص عملیهٔ ضرب	۲۱. تمرین
af:AF_G05_riazi:3:ec1148	af	AF_G05_riazi	5	فصل ۳: مبحث هندسه	۲۲. خط و انواع آن
af:AF_G05_riazi:3:492515	af	AF_G05_riazi	5	فصل ۳: مبحث هندسه	۲۳. وضعیت خط مستقیم
af:AF_G05_riazi:3:8445a6	af	AF_G05_riazi	5	فصل ۳: مبحث هندسه	۲۴. وضعیت دو خط مستقیم نظر به یکدیگر
af:AF_G05_riazi:3:39cb64	af	AF_G05_riazi	5	فصل ۳: مبحث هندسه	۲۵. اقسام خط
af:AF_G05_riazi:3:05dc75	af	AF_G05_riazi	5	فصل ۳: مبحث هندسه	۲۶. زاویه
af:AF_G05_riazi:3:f66d88	af	AF_G05_riazi	5	فصل ۳: مبحث هندسه	۲۷. واحد اندازه‌گیری زاویه
af:AF_G05_riazi:3:f16d53	af	AF_G05_riazi	5	فصل ۳: مبحث هندسه	۲۸. اقسام زاویه
af:AF_G05_riazi:3:9ac739	af	AF_G05_riazi	5	فصل ۳: مبحث هندسه	۲۹. تمرین
af:AF_G05_riazi:3:031ada	af	AF_G05_riazi	5	فصل ۳: مبحث هندسه	۳۰. زاویه‌های مجاوره
af:AF_G05_riazi:3:46ed90	af	AF_G05_riazi	5	فصل ۳: مبحث هندسه	۳۱. زاویه‌های مکمله و مجاورهٔ مکمله
af:AF_G05_riazi:3:b6883b	af	AF_G05_riazi	5	فصل ۳: مبحث هندسه	۳۲. زاویه‌های متممه و مجاورهٔ متممه
af:AF_G05_riazi:3:25695f	af	AF_G05_riazi	5	فصل ۳: مبحث هندسه	۳۳. زاویه‌های متقابل به رأس
af:AF_G05_riazi:3:c0ce88	af	AF_G05_riazi	5	فصل ۳: مبحث هندسه	۳۴. زاویهٔ مستقیمه
af:AF_G05_riazi:3:3757cf	af	AF_G05_riazi	5	فصل ۳: مبحث هندسه	۳۵. مثلث
af:AF_G05_riazi:3:246714	af	AF_G05_riazi	5	فصل ۳: مبحث هندسه	۳۶. اقسام مثلث از لحاظ زاویه
af:AF_G05_riazi:3:0bb35e	af	AF_G05_riazi	5	فصل ۳: مبحث هندسه	۳۷. اقسام مثلث از لحاظ اضلاع
af:AF_G05_riazi:3:6c8751	af	AF_G05_riazi	5	فصل ۳: مبحث هندسه	۳۸. مضلع
af:AF_G05_riazi:3:29753c	af	AF_G05_riazi	5	فصل ۳: مبحث هندسه	۳۹. مستطیل
af:AF_G05_riazi:3:2fd88c	af	AF_G05_riazi	5	فصل ۳: مبحث هندسه	۴۰. مربع
af:AF_G05_riazi:3:805b9f	af	AF_G05_riazi	5	فصل ۳: مبحث هندسه	۴۱. دایره
af:AF_G05_riazi:3:f87463	af	AF_G05_riazi	5	فصل ۳: مبحث هندسه	۴۲. تمرین
af:AF_G05_riazi:4:429a14	af	AF_G05_riazi	5	فصل ۴: بزرگترین قاسم مشترک و کوچکترین مضرب مشترک	۴۳. قابلیت تقسیم به ۲، ۳ و ۶
af:AF_G05_riazi:4:9ee37f	af	AF_G05_riazi	5	فصل ۴: بزرگترین قاسم مشترک و کوچکترین مضرب مشترک	۴۴. تمرین
af:AF_G05_riazi:4:61925b	af	AF_G05_riazi	5	فصل ۴: بزرگترین قاسم مشترک و کوچکترین مضرب مشترک	۴۵. قابلیت تقسیم به ۵ و ۱۰
af:AF_G05_riazi:4:4c1252	af	AF_G05_riazi	5	فصل ۴: بزرگترین قاسم مشترک و کوچکترین مضرب مشترک	۴۶. تمرین
af:AF_G05_riazi:4:859bec	af	AF_G05_riazi	5	فصل ۴: بزرگترین قاسم مشترک و کوچکترین مضرب مشترک	۴۷. مفاهیم قاسم و مضرب
af:AF_G05_riazi:4:9b2fcc	af	AF_G05_riazi	5	فصل ۴: بزرگترین قاسم مشترک و کوچکترین مضرب مشترک	۴۸. تمرین
af:AF_G05_riazi:4:c0987a	af	AF_G05_riazi	5	فصل ۴: بزرگترین قاسم مشترک و کوچکترین مضرب مشترک	۴۹. اعداد اولیه و غیر اولیه ( مرکب )
af:AF_G05_riazi:4:4a6075	af	AF_G05_riazi	5	فصل ۴: بزرگترین قاسم مشترک و کوچکترین مضرب مشترک	۵۰. تمرین
af:AF_G05_riazi:4:adbdf7	af	AF_G05_riazi	5	فصل ۴: بزرگترین قاسم مشترک و کوچکترین مضرب مشترک	۵۱. قاسم‌های مشترک و تعیین بزرگترین قاسم...
af:AF_G05_riazi:4:4fcfaf	af	AF_G05_riazi	5	فصل ۴: بزرگترین قاسم مشترک و کوچکترین مضرب مشترک	۵۲. تمرین
af:AF_G05_riazi:4:ea291c	af	AF_G05_riazi	5	فصل ۴: بزرگترین قاسم مشترک و کوچکترین مضرب مشترک	۵۳. مضرب‌های مشترک و تعیین کوچکترین مضرب...
af:AF_G05_riazi:4:ac09e4	af	AF_G05_riazi	5	فصل ۴: بزرگترین قاسم مشترک و کوچکترین مضرب مشترک	۵۴. تمرین
af:AF_G05_riazi:4:478200	af	AF_G05_riazi	5	فصل ۴: بزرگترین قاسم مشترک و کوچکترین مضرب مشترک	۵۵. دریافت کوچکترین مضرب مشترک به واسطهٔ تجزیه
af:AF_G05_riazi:4:b60a58	af	AF_G05_riazi	5	فصل ۴: بزرگترین قاسم مشترک و کوچکترین مضرب مشترک	۵۶. تمرین
af:AF_G05_riazi:5:49fe8c	af	AF_G05_riazi	5	فصل ۵: کسر ها و عملیه‌های چهار گانه آن	۵۷. کسرها
af:AF_G05_riazi:5:09704b	af	AF_G05_riazi	5	فصل ۵: کسر ها و عملیه‌های چهار گانه آن	۵۸. کسرهای مساوی به صفر
af:AF_G05_riazi:5:b93d26	af	AF_G05_riazi	5	فصل ۵: کسر ها و عملیه‌های چهار گانه آن	۵۹. کسرهای بزرگتر از واحد
af:AF_G05_riazi:5:41fff3	af	AF_G05_riazi	5	فصل ۵: کسر ها و عملیه‌های چهار گانه آن	۶۰. کسرهای واقعی و غیر واقعی
af:AF_G05_riazi:5:5362c3	af	AF_G05_riazi	5	فصل ۵: کسر ها و عملیه‌های چهار گانه آن	۶۱. تمرین
af:AF_G05_riazi:5:6aed1a	af	AF_G05_riazi	5	فصل ۵: کسر ها و عملیه‌های چهار گانه آن	۶۲. کسرهای معادل
af:AF_G05_riazi:5:e4378e	af	AF_G05_riazi	5	فصل ۵: کسر ها و عملیه‌های چهار گانه آن	۶۳. تمرین
af:AF_G05_riazi:5:a511db	af	AF_G05_riazi	5	فصل ۵: کسر ها و عملیه‌های چهار گانه آن	۶۴. اختصار ( ساده ساختن ) کسرها
af:AF_G05_riazi:5:472e56	af	AF_G05_riazi	5	فصل ۵: کسر ها و عملیه‌های چهار گانه آن	۶۵. تمرین
af:AF_G05_riazi:5:17cc32	af	AF_G05_riazi	5	فصل ۵: کسر ها و عملیه‌های چهار گانه آن	۶۶. مقایسهٔ کسرها
af:AF_G05_riazi:5:b21da8	af	AF_G05_riazi	5	فصل ۵: کسر ها و عملیه‌های چهار گانه آن	۶۷. تمرین
af:AF_G05_riazi:5:2d8bed	af	AF_G05_riazi	5	فصل ۵: کسر ها و عملیه‌های چهار گانه آن	۶۸. تصحیح کسرعام
af:AF_G05_riazi:5:d6fde4	af	AF_G05_riazi	5	فصل ۵: کسر ها و عملیه‌های چهار گانه آن	۶۹. غیرواجب کسرها
af:AF_G05_riazi:5:448c77	af	AF_G05_riazi	5	فصل ۵: کسر ها و عملیه‌های چهار گانه آن	۷۰. تمرین
af:AF_G05_riazi:5:66fb2b	af	AF_G05_riazi	5	فصل ۵: کسر ها و عملیه‌های چهار گانه آن	۷۱. جمع کسرهایی که مخرج‌های مختلف داشته باشند
af:AF_G05_riazi:5:0014e5	af	AF_G05_riazi	5	فصل ۵: کسر ها و عملیه‌های چهار گانه آن	۷۲. تمرین
af:AF_G05_riazi:5:f35464	af	AF_G05_riazi	5	فصل ۵: کسر ها و عملیه‌های چهار گانه آن	۷۳. جمع کسرها به کمک کوچک‌ترین مضرب مشترک
af:AF_G05_riazi:5:b3ea3f	af	AF_G05_riazi	5	فصل ۵: کسر ها و عملیه‌های چهار گانه آن	۷۴. جمع کسرهایی مخلوط
af:AF_G05_riazi:5:4f682d	af	AF_G05_riazi	5	فصل ۵: کسر ها و عملیه‌های چهار گانه آن	۷۵. تمرین
af:AF_G05_riazi:5:0dc57c	af	AF_G05_riazi	5	فصل ۵: کسر ها و عملیه‌های چهار گانه آن	۷۶. تفریق کسرهایی که مخرج‌های مختلف داشته باشند
af:AF_G05_riazi:5:898cbb	af	AF_G05_riazi	5	فصل ۵: کسر ها و عملیه‌های چهار گانه آن	۷۷. تمرین
af:AF_G05_riazi:5:eb1d24	af	AF_G05_riazi	5	فصل ۵: کسر ها و عملیه‌های چهار گانه آن	۷۸. تفریق کسرهای مخلوط
af:AF_G05_riazi:5:5861e4	af	AF_G05_riazi	5	فصل ۵: کسر ها و عملیه‌های چهار گانه آن	۷۹. تمرین
af:AF_G05_riazi:5:f19ccb	af	AF_G05_riazi	5	فصل ۵: کسر ها و عملیه‌های چهار گانه آن	۸۰. ضرب عدد صحیح در کسر و ضرب کسر در عدد صحیح
af:AF_G05_riazi:5:bd8ea3	af	AF_G05_riazi	5	فصل ۵: کسر ها و عملیه‌های چهار گانه آن	۸۱. تمرین
af:AF_G05_riazi:5:cd98d0	af	AF_G05_riazi	5	فصل ۵: کسر ها و عملیه‌های چهار گانه آن	۸۲. ضرب کسر در کسر
af:AF_G05_riazi:5:dd16af	af	AF_G05_riazi	5	فصل ۵: کسر ها و عملیه‌های چهار گانه آن	۸۳. ضرب کسرهایی مخلوط
af:AF_G05_riazi:5:52b1f8	af	AF_G05_riazi	5	فصل ۵: کسر ها و عملیه‌های چهار گانه آن	۸۴. تمرین
af:AF_G05_riazi:5:26316c	af	AF_G05_riazi	5	فصل ۵: کسر ها و عملیه‌های چهار گانه آن	۸۵. تقسیم کسر به عدد صحیح و تقسیم عدد ...
af:AF_G05_riazi:5:c2d558	af	AF_G05_riazi	5	فصل ۵: کسر ها و عملیه‌های چهار گانه آن	۸۶. تقسیم کسر بر کسر
af:AF_G05_riazi:5:7d0dfe	af	AF_G05_riazi	5	فصل ۵: کسر ها و عملیه‌های چهار گانه آن	۸۷. تمرین
af:AF_G05_riazi:5:7692e9	af	AF_G05_riazi	5	فصل ۵: کسر ها و عملیه‌های چهار گانه آن	۸۸. کسرالکسر
af:AF_G05_riazi:5:0110b6	af	AF_G05_riazi	5	فصل ۵: کسر ها و عملیه‌های چهار گانه آن	۸۹. تمرین
af:AF_G06_riazi:1:663993	af	AF_G06_riazi	6	ارقام رومی	ارقام رومی
af:AF_G06_riazi:2:ddb937	af	AF_G06_riazi	6	فصل ۱: تجزیهٔ اعداد به عامل‌های ضربی اولیهٔ آن‌ها	قابلیت‌های تقسیم
af:AF_G06_riazi:2:5d12b9	af	AF_G06_riazi	6	فصل ۱: تجزیهٔ اعداد به عامل‌های ضربی اولیهٔ آن‌ها	عددهای اولیه و غیر اولیه ( مرکب )
af:AF_G06_riazi:2:4ea929	af	AF_G06_riazi	6	فصل ۱: تجزیهٔ اعداد به عامل‌های ضربی اولیهٔ آن‌ها	اجزای ضربی و تجزیه
af:AF_G06_riazi:2:87ad49	af	AF_G06_riazi	6	فصل ۱: تجزیهٔ اعداد به عامل‌های ضربی اولیهٔ آن‌ها	تجزیه به اعداد اولیه
af:AF_G06_riazi:2:740537	af	AF_G06_riazi	6	فصل ۱: تجزیهٔ اعداد به عامل‌های ضربی اولیهٔ آن‌ها	طریق تجزیهٔ یک عدد مرکب به عددهای اولیه
af:AF_G06_riazi:2:6a35b3	af	AF_G06_riazi	6	فصل ۱: تجزیهٔ اعداد به عامل‌های ضربی اولیهٔ آن‌ها	طاقت و توان نما
af:AF_G06_riazi:3:8e3273	af	AF_G06_riazi	6	فصل ۲: کسرهای عام و اعشاری	کسر عام
af:AF_G06_riazi:3:e7ea09	af	AF_G06_riazi	6	فصل ۲: کسرهای عام و اعشاری	تصحیح و غیرواجب کسرها
af:AF_G06_riazi:3:e8fd33	af	AF_G06_riazi	6	فصل ۲: کسرهای عام و اعشاری	تجنیس کسرها
af:AF_G06_riazi:3:3c82b5	af	AF_G06_riazi	6	فصل ۲: کسرهای عام و اعشاری	اختصار کسرها
af:AF_G06_riazi:3:701108	af	AF_G06_riazi	6	فصل ۲: کسرهای عام و اعشاری	مقایسهٔ کسرها
af:AF_G06_riazi:3:482325	af	AF_G06_riazi	6	فصل ۲: کسرهای عام و اعشاری	جمع و تفریق کسر عام
af:AF_G06_riazi:3:f2cfab	af	AF_G06_riazi	6	فصل ۲: کسرهای عام و اعشاری	ضرب و تقسیم کسر عام
af:AF_G06_riazi:3:4bb149	af	AF_G06_riazi	6	فصل ۲: کسرهای عام و اعشاری	جمع و تفریق کسر الکسر
af:AF_G06_riazi:3:46ee1f	af	AF_G06_riazi	6	فصل ۲: کسرهای عام و اعشاری	ضرب و تقسیم کسرالکسر
af:AF_G06_riazi:3:05455e	af	AF_G06_riazi	6	فصل ۲: کسرهای عام و اعشاری	کسر اعشاری
af:AF_G06_riazi:3:bb0f72	af	AF_G06_riazi	6	فصل ۲: کسرهای عام و اعشاری	مقایسهٔ کسرهای اعشاری
af:AF_G06_riazi:3:ea8bc5	af	AF_G06_riazi	6	فصل ۲: کسرهای عام و اعشاری	مقایسهٔ اعداد اعشاری
af:AF_G06_riazi:3:dc4764	af	AF_G06_riazi	6	فصل ۲: کسرهای عام و اعشاری	جمع و تفریق کسرهای اعشاری
af:AF_G06_riazi:3:7db461	af	AF_G06_riazi	6	فصل ۲: کسرهای عام و اعشاری	ضرب کسر اعشاری
af:AF_G06_riazi:3:470b53	af	AF_G06_riazi	6	فصل ۲: کسرهای عام و اعشاری	ضرب کسر اعشاری یا اعداد اعشاری در عددهای ۱۰، ۱۰۰، ۱۰۰۰ و...
af:AF_G06_riazi:3:5999f6	af	AF_G06_riazi	6	فصل ۲: کسرهای عام و اعشاری	تقسیم کسر اعشاری
af:AF_G06_riazi:3:0986b3	af	AF_G06_riazi	6	فصل ۲: کسرهای عام و اعشاری	تقسیم کسر اعشاری به عدد صحیح
af:AF_G06_riazi:3:f284bb	af	AF_G06_riazi	6	فصل ۲: کسرهای عام و اعشاری	تقسیم کسر اعشاری به اعداد ۱۰، ۱۰۰، ۱۰۰۰ ...
af:AF_G06_riazi:3:c3f114	af	AF_G06_riazi	6	فصل ۲: کسرهای عام و اعشاری	تبدیل کسرها به یکدیگر و تبدیل کسر عام به کسر اعشار
af:AF_G06_riazi:3:8838ed	af	AF_G06_riazi	6	فصل ۲: کسرهای عام و اعشاری	تبدیل کسر اعشاری به کسر عام
af:AF_G06_riazi:3:7f1ba3	af	AF_G06_riazi	6	فصل ۲: کسرهای عام و اعشاری	کسرهای اعشاری متوالی
af:AF_G06_riazi:3:9f1312	af	AF_G06_riazi	6	فصل ۲: کسرهای عام و اعشاری	تبدیل کسر اعشاری متوالی به کسر عام
af:AF_G06_riazi:4:f61f45	af	AF_G06_riazi	6	فصل ۳: نسبت، تناسب و فیصد	نسبت
af:AF_G06_riazi:4:16d556	af	AF_G06_riazi	6	فصل ۳: نسبت، تناسب و فیصد	نسبت‌های معکوس
af:AF_G06_riazi:4:de6aee	af	AF_G06_riazi	6	فصل ۳: نسبت، تناسب و فیصد	تناسب
af:AF_G06_riazi:4:ef9093	af	AF_G06_riazi	6	فصل ۳: نسبت، تناسب و فیصد	تناسب مستقیم و تناسب معکوس
af:AF_G06_riazi:4:09b235	af	AF_G06_riazi	6	فصل ۳: نسبت، تناسب و فیصد	فیصد
af:AF_G06_riazi:5:9cae31	af	AF_G06_riazi	6	فصل ۴: واحدهای اندازه‌گیری در سیستم متریک	واحد طول
af:AF_G06_riazi:5:2caf49	af	AF_G06_riazi	6	فصل ۴: واحدهای اندازه‌گیری در سیستم متریک	واحد کتله
af:AF_G06_riazi:5:2c7f0f	af	AF_G06_riazi	6	فصل ۴: واحدهای اندازه‌گیری در سیستم متریک	واحد زمان
af:AF_G06_riazi:5:01a70b	af	AF_G06_riazi	6	فصل ۴: واحدهای اندازه‌گیری در سیستم متریک	واحد سطح
af:AF_G06_riazi:5:9f6d32	af	AF_G06_riazi	6	فصل ۴: واحدهای اندازه‌گیری در سیستم متریک	واحد حجم
af:AF_G06_riazi:5:368e3f	af	AF_G06_riazi	6	فصل ۴: واحدهای اندازه‌گیری در سیستم متریک	واحد مقیاس مایعات
af:AF_G06_riazi:6:61df0f	af	AF_G06_riazi	6	فصل ۵: مبحث هندسه	آلات هندسی
af:AF_G06_riazi:6:34f03b	af	AF_G06_riazi	6	فصل ۵: مبحث هندسه	وضعیت خط
af:AF_G06_riazi:6:2006e3	af	AF_G06_riazi	6	فصل ۵: مبحث هندسه	خطوط موازی
af:AF_G06_riazi:6:8cdccf	af	AF_G06_riazi	6	فصل ۵: مبحث هندسه	خطوط متقاطع
af:AF_G06_riazi:6:15cb75	af	AF_G06_riazi	6	فصل ۵: مبحث هندسه	مثلث
af:AF_G06_riazi:6:beb0e0	af	AF_G06_riazi	6	فصل ۵: مبحث هندسه	مساحت مستطیل
af:AF_G06_riazi:6:9fe4f2	af	AF_G06_riazi	6	فصل ۵: مبحث هندسه	مساحت مربع
af:AF_G06_riazi:6:fc391c	af	AF_G06_riazi	6	فصل ۵: مبحث هندسه	مساحت مثلث
af:AF_G06_riazi:6:1a95e6	af	AF_G06_riazi	6	فصل ۵: مبحث هندسه	معین (لوزی)
af:AF_G06_riazi:6:02f31c	af	AF_G06_riazi	6	فصل ۵: مبحث هندسه	مساحت معین
af:AF_G06_riazi:6:b3e10f	af	AF_G06_riazi	6	فصل ۵: مبحث هندسه	ذوزنقه
af:AF_G06_riazi:6:75a419	af	AF_G06_riazi	6	فصل ۵: مبحث هندسه	منحرف
af:AF_G06_riazi:6:07c8f7	af	AF_G06_riazi	6	فصل ۵: مبحث هندسه	دایره
af:AF_G06_riazi:6:28b1e2	af	AF_G06_riazi	6	فصل ۵: مبحث هندسه	نسبت محیط وقطر دایره
af:AF_G06_riazi:6:e82c79	af	AF_G06_riazi	6	فصل ۵: مبحث هندسه	اجسام
af:AF_G06_riazi:6:9232f4	af	AF_G06_riazi	6	فصل ۵: مبحث هندسه	منشور
af:AF_G06_riazi:6:26fdb0	af	AF_G06_riazi	6	فصل ۵: مبحث هندسه	هرم
af:AF_G06_riazi:6:9e7534	af	AF_G06_riazi	6	فصل ۵: مبحث هندسه	مخروط
af:AF_G06_riazi:6:05c74e	af	AF_G06_riazi	6	فصل ۵: مبحث هندسه	کره
af:AF_G06_riazi:7:405c20	af	AF_G06_riazi	6	فصل ۶: ترسیمات هندسی	تنصیف زاویه ذریعهٔ پرکار
af:AF_G06_riazi:7:39cdc1	af	AF_G06_riazi	6	فصل ۶: ترسیمات هندسی	ترسیم یک زاویه توسط نقاله
af:AF_G06_riazi:7:38731a	af	AF_G06_riazi	6	فصل ۶: ترسیمات هندسی	تنصیف زاویه توسط نقاله
af:AF_G06_riazi:7:cd41b7	af	AF_G06_riazi	6	فصل ۶: ترسیمات هندسی	ترسیم عمود بالای یک نقطهٔ معین یک قطعه خط
af:AF_G06_riazi:7:c6287f	af	AF_G06_riazi	6	فصل ۶: ترسیمات هندسی	ترسیم عمود از یک نقطهٔ خارج بالای یک قطعه خط
af:AF_G06_riazi:7:56f8bb	af	AF_G06_riazi	6	فصل ۶: ترسیمات هندسی	ترسیم ناصف عمودی یک قطعه خط
af:AF_G06_riazi:7:7f180e	af	AF_G06_riazi	6	فصل ۶: ترسیمات هندسی	طریق ترسیم یک زاویه مساوی به زاویهٔ داده شده
af:AF_G06_riazi:7:2bee0c	af	AF_G06_riazi	6	فصل ۶: ترسیمات هندسی	طریق ترسیم خطوط موازی
af:AF_G06_riazi:7:1f2ed5	af	AF_G06_riazi	6	فصل ۶: ترسیمات هندسی	ترسیم مثلثی که سه ضلع آن معلوم باشد
af:AF_G06_riazi:7:0654a2	af	AF_G06_riazi	6	فصل ۶: ترسیمات هندسی	ترسیم مثلثی که دو ضلع و زاویهٔ بین آن‌ها معلوم باشد
af:AF_G06_riazi:7:2300a1	af	AF_G06_riazi	6	فصل ۶: ترسیمات هندسی	ترسیم مثلثی که دو زاویه و یک ضلع آن معلوم باشد
af:AF_G06_riazi:7:cd12ae	af	AF_G06_riazi	6	فصل ۶: ترسیمات هندسی	ترسیم مثلث قایم الزاویه‌یی که وتر و یک ضلع قایم آن معلوم باشد
af:AF_G07_riazi:1:41ee41	af	AF_G07_riazi	7	فصل ۱: ست	مفهوم ست، عناصر و روش‌های نوشتن یک ست
af:AF_G07_riazi:1:455291	af	AF_G07_riazi	7	فصل ۱: ست	ست‌های مساوی و معادل
af:AF_G07_riazi:1:e4bde7	af	AF_G07_riazi	7	فصل ۱: ست	ست فرعی، تقاطع و اتحاد ست‌ها
af:AF_G07_riazi:1:c53a3e	af	AF_G07_riazi	7	فصل ۱: ست	تفاضل ست‌ها، ست کلی و مکملهٔ یک ست
af:AF_G07_riazi:1:312f9b	af	AF_G07_riazi	7	فصل ۱: ست	ست‌های متناهی و نامتناهی
af:AF_G07_riazi:2:48c5c0	af	AF_G07_riazi	7	فصل ۲: اعداد طبیعی	قابلیت‌های تقسیم و تجزیهٔ اعداد طبیعی
af:AF_G07_riazi:2:f3dafc	af	AF_G07_riazi	7	فصل ۲: اعداد طبیعی	طاقت و قوانین طاقت (قوانین ضرب و تقسیم طاقت)
af:AF_G07_riazi:2:d4a79b	af	AF_G07_riazi	7	فصل ۲: اعداد طبیعی	روش علمی عددنویسی
af:AF_G07_riazi:2:cdee98	af	AF_G07_riazi	7	فصل ۲: اعداد طبیعی	بزرگ‌ترین قاسم مشترک و دریافت آن توسط تجزیه
af:AF_G07_riazi:2:31122f	af	AF_G07_riazi	7	فصل ۲: اعداد طبیعی	کوچک‌ترین مضرب مشترک و دریافت آن توسط تجزیه به اعداد اولیه
af:AF_G07_riazi:2:eb89e7	af	AF_G07_riazi	7	فصل ۲: اعداد طبیعی	موارد استعمال کوچک‌ترین مضرب مشترک و بزرگ‌ترین قاسم مشترک در حل مسائل روزمرهٔ زنده‌گی
af:AF_G07_riazi:2:75146e	af	AF_G07_riazi	7	فصل ۲: اعداد طبیعی	رابطه بین کوچک‌ترین مضرب مشترک و بزرگ‌ترین قاسم مشترک دو عدد
af:AF_G07_riazi:2:d7a9f0	af	AF_G07_riazi	7	فصل ۲: اعداد طبیعی	دریافت همزمان کوچک‌ترین مضرب مشترک و بزرگ‌ترین قاسم مشترک دو عدد
af:AF_G07_riazi:2:71ae46	af	AF_G07_riazi	7	فصل ۲: اعداد طبیعی	مربع و جذر مربع تام اعداد طبیعی توسط تجزیه و طریق عمومی
af:AF_G07_riazi:2:c6ccd6	af	AF_G07_riazi	7	فصل ۲: اعداد طبیعی	جذر مکعب تام اعداد طبیعی
af:AF_G07_riazi:3:40cdf5	af	AF_G07_riazi	7	فصل ۳: اعداد تام	اعداد مثبت و منفی
af:AF_G07_riazi:3:eee8f0	af	AF_G07_riazi	7	فصل ۳: اعداد تام	ترتیب اعداد تام و نمایش اعداد تام روی محور اعداد
af:AF_G07_riazi:3:4718bf	af	AF_G07_riazi	7	فصل ۳: اعداد تام	قیمت مطلقهٔ یک عدد تام، جمع، تفریق، ضرب و تقسیم اعداد تام
af:AF_G07_riazi:3:62815c	af	AF_G07_riazi	7	فصل ۳: اعداد تام	قیمت افاده‌های حسابی
af:AF_G07_riazi:3:5d3f6c	af	AF_G07_riazi	7	فصل ۳: اعداد تام	خواص عملیه‌ها
af:AF_G07_riazi:4:23c181	af	AF_G07_riazi	7	فصل ۴: اعداد نسبتی	اعداد نسبتی
af:AF_G07_riazi:4:152d1e	af	AF_G07_riazi	7	فصل ۴: اعداد نسبتی	مقایسهٔ اعداد نسبتی
af:AF_G07_riazi:4:ba13d3	af	AF_G07_riazi	7	فصل ۴: اعداد نسبتی	جمع و تفریق، ضرب و تقسیم اعداد نسبتی
af:AF_G07_riazi:4:511e13	af	AF_G07_riazi	7	فصل ۴: اعداد نسبتی	خواص عملیه‌های اعداد نسبتی
af:AF_G07_riazi:4:a5d056	af	AF_G07_riazi	7	فصل ۴: اعداد نسبتی	تبدیل اعداد نسبتی به اعداد اعشاری
af:AF_G07_riazi:5:dc798f	af	AF_G07_riazi	7	فصل ۵: مثلث‌ها و چندضلعی‌ها	صنف‌بندی و اقسام مثلث‌ها، میانه، ارتفاع و ناصف‌الزاویه در مثلث
af:AF_G07_riazi:5:5f4917	af	AF_G07_riazi	7	فصل ۵: مثلث‌ها و چندضلعی‌ها	مجموع زوایای داخلی یک مثلث و زوایای خارجی یک مثلث
af:AF_G07_riazi:5:19b8b7	af	AF_G07_riazi	7	فصل ۵: مثلث‌ها و چندضلعی‌ها	رابطهٔ بین اضلاع یک مثلث
af:AF_G07_riazi:5:0fb548	af	AF_G07_riazi	7	فصل ۵: مثلث‌ها و چندضلعی‌ها	چندضلعی‌ها(مضلع ها)
af:AF_G07_riazi:5:53eee1	af	AF_G07_riazi	7	فصل ۵: مثلث‌ها و چندضلعی‌ها	مجموع زوایای داخلی و خارجی یک مضلع(چندضلعی)
af:AF_G07_riazi:5:0fcc01	af	AF_G07_riazi	7	فصل ۵: مثلث‌ها و چندضلعی‌ها	اشکال انطباق‌پذیر
af:AF_G07_riazi:5:961380	af	AF_G07_riazi	7	فصل ۵: مثلث‌ها و چندضلعی‌ها	حالات انطباق‌پذیری مثلث‌ها
af:AF_G07_riazi:6:fcd856	af	AF_G07_riazi	7	فصل ۶: خطوط موازی و عمود	زوایای متبادلهٔ داخلی و خارجی
af:AF_G07_riazi:6:a085eb	af	AF_G07_riazi	7	فصل ۶: خطوط موازی و عمود	زوایای متوافقه
af:AF_G07_riazi:6:d6c0cc	af	AF_G07_riazi	7	فصل ۶: خطوط موازی و عمود	زوایای متممهٔ داخلی یک طرف خط قاطع
af:AF_G07_riazi:6:ee96ed	af	AF_G07_riazi	7	فصل ۶: خطوط موازی و عمود	چهارضلعی‌ها (متوازی‌الاضلاع، مستطیل، مربع، معین و ذوزنقه)
af:AF_G07_riazi:6:d7d6b2	af	AF_G07_riazi	7	فصل ۶: خطوط موازی و عمود	زوایای مقابل متوازی‌الاضلاع
af:AF_G07_riazi:6:0fc15e	af	AF_G07_riazi	7	فصل ۶: خطوط موازی و عمود	زوایای خارجی یک چهارضلعی
af:AF_G07_riazi:6:c7cf64	af	AF_G07_riazi	7	فصل ۶: خطوط موازی و عمود	خاصیت قطرهای متوازی‌الاضلاع
af:AF_G07_riazi:6:343b49	af	AF_G07_riazi	7	فصل ۶: خطوط موازی و عمود	خاصیت قطرهای مستطیل
af:AF_G07_riazi:6:0fc146	af	AF_G07_riazi	7	فصل ۶: خطوط موازی و عمود	خاصیت قطرهای لوزی(معین)
af:AF_G07_riazi:7:f48257	af	AF_G07_riazi	7	فصل ۷: احصائیه	روش‌های جمع‌آوری اطلاعات
af:AF_G07_riazi:7:b5c783	af	AF_G07_riazi	7	فصل ۷: احصائیه	جامعه و نمونه
af:AF_G07_riazi:7:8f6799	af	AF_G07_riazi	7	فصل ۷: احصائیه	نمونهٔ تصادفی
af:AF_G07_riazi:7:24ee14	af	AF_G07_riazi	7	فصل ۷: احصائیه	متحول تصادفی و انواع آن
af:AF_G07_riazi:7:4f7f05	af	AF_G07_riazi	7	فصل ۷: احصائیه	جدول کثرت (فریکونسی)
af:AF_G07_riazi:7:f47fad	af	AF_G07_riazi	7	فصل ۷: احصائیه	گراف تصویری
af:AF_G07_riazi:7:1dd93e	af	AF_G07_riazi	7	فصل ۷: احصائیه	مد(Mode)
af:AF_G07_riazi:7:b6763e	af	AF_G07_riazi	7	فصل ۷: احصائیه	اوسط
af:AF_G07_riazi:8:8492f3	af	AF_G07_riazi	7	فصل ۸: احتمالات	چانس
af:AF_G07_riazi:8:fdfab2	af	AF_G07_riazi	7	فصل ۸: احتمالات	احتمال
af:AF_G07_riazi:8:f8da25	af	AF_G07_riazi	7	فصل ۸: احتمالات	تجربه کردن یک اتفاق
af:AF_G07_riazi:8:bc8bca	af	AF_G07_riazi	7	فصل ۸: احتمالات	تجربهٔ تصادفی
af:AF_G07_riazi:8:e8c868	af	AF_G07_riazi	7	فصل ۸: احتمالات	فضای نتیجه یا نمونه
af:AF_G07_riazi:8:34a9c6	af	AF_G07_riazi	7	فصل ۸: احتمالات	احتمال نظری، خلاصهٔ و تمرین فصل هشتم
af:AF_G08_riazi:1:065c80	af	AF_G08_riazi	8	فصل ۱: اعداد حقیقی	مفهوم اعداد حقیقی و خواص آن‌ها
af:AF_G08_riazi:1:40892e	af	AF_G08_riazi	8	فصل ۱: اعداد حقیقی	طریقهٔ عمومی استخراج جذر مربع تقریبی، اوسط و جذر دوم اعداد اعشاریه دار
af:AF_G08_riazi:1:9579ee	af	AF_G08_riazi	8	فصل ۱: اعداد حقیقی	عملیات بالای اعداد جذر دار (جمع، تفریق، ضرب و تقسیم)
af:AF_G08_riazi:1:7e7e42	af	AF_G08_riazi	8	فصل ۱: اعداد حقیقی	قوانین اعداد توان‌دار (ضرب، تقسیم، توان صفر و منفی)
af:AF_G08_riazi:1:ed34bd	af	AF_G08_riazi	8	فصل ۱: اعداد حقیقی	توان‌های کسری و قوانین آن، ناطق کردن کسرها
af:AF_G08_riazi:2:a0370a	af	AF_G08_riazi	8	فصل ۲: محاسبات مالی	نسبت، تقسیم به اجزای متناسبه
af:AF_G08_riazi:2:a22ece	af	AF_G08_riazi	8	فصل ۲: محاسبات مالی	تناسب، خواص تناسب، انواع تناسب، تناسب مرکب
af:AF_G08_riazi:2:1281df	af	AF_G08_riazi	8	فصل ۲: محاسبات مالی	فیصد، احدیت، تخفیف
af:AF_G08_riazi:2:0a10a5	af	AF_G08_riazi	8	فصل ۲: محاسبات مالی	ربح ساده و مرکب
af:AF_G08_riazi:3:a8861e	af	AF_G08_riazi	8	فصل ۳: مشابهت	اشکال متشابه، مضلعات متشابه
af:AF_G08_riazi:3:89beff	af	AF_G08_riazi	8	فصل ۳: مشابهت	قضیهٔ خطوط موازی با فاصله های مساوی، قضیهٔ تالس و عکس آن
af:AF_G08_riazi:3:4ae444	af	AF_G08_riazi	8	فصل ۳: مشابهت	قضیهٔ تالس درمثلث، حالت های تشابه مثلث ها
af:AF_G08_riazi:4:0c1364	af	AF_G08_riazi	8	فصل ۴: تناظر	مفهوم تناظر، تناظر محوری، تناظر مرکزی
af:AF_G08_riazi:5:49ed44	af	AF_G08_riazi	8	فصل ۵: قضایای مثلث	قضایای مثلث متساوی الساقین
af:AF_G08_riazi:5:ef6828	af	AF_G08_riazi	8	فصل ۵: قضایای مثلث	قضیهٔ فیثاغورث، عکس قضیهٔ فیثاغورث
af:AF_G08_riazi:5:28cf80	af	AF_G08_riazi	8	فصل ۵: قضایای مثلث	قضایای مثلث قایم الزاویه، قضایا در مثلث قایم الزاویه برای زوایای °۳۰ و °۶۰
af:AF_G08_riazi:5:65714e	af	AF_G08_riazi	8	فصل ۵: قضایای مثلث	ناصف الزاویه، ناصف الزاویه های داخلی مثلث، ناصف عمودی در یک مثلث
af:AF_G08_riazi:5:b46782	af	AF_G08_riazi	8	فصل ۵: قضایای مثلث	ارتفاع های مثلث، میانه های مثلث
af:AF_G08_riazi:6:73b079	af	AF_G08_riazi	8	فصل ۶: مساحت ها و احجام	مساحت و حجم مکعب مستطیل، دریافت قطر مکعب مستطیل و مکعب
af:AF_G08_riazi:6:5e5d05	af	AF_G08_riazi	8	فصل ۶: مساحت ها و احجام	مساحت و حجم منشور، مساحت و حجم استوانه
af:AF_G08_riazi:6:416dff	af	AF_G08_riazi	8	فصل ۶: مساحت ها و احجام	مساحت و حجم هرم
af:AF_G08_riazi:6:b42e08	af	AF_G08_riazi	8	فصل ۶: مساحت ها و احجام	مساحت و حجم مخروط، مساحت و حجم کره
af:AF_G08_riazi:7:fe8ad2	af	AF_G08_riazi	8	فصل ۷: افاده‌های الجبری	مفهوم متحول، افاده‌های الجبری، ساده کردن افاده‌های الجبری
af:AF_G08_riazi:7:a97cd4	af	AF_G08_riazi	8	فصل ۷: افاده‌های الجبری	ضرب افاده‌های یک حده، تقسیم افاده‌های یک حده، ضرب افاده‌های الجبری
af:AF_G08_riazi:7:547fc0	af	AF_G08_riazi	8	فصل ۷: افاده‌های الجبری	مطابقت‌ها، مربع مجموع و تفاضل افاده‌های دو حده، تجزیهٔ افاده‌های الجبری
af:AF_G08_riazi:8:bcbdb9	af	AF_G08_riazi	8	فصل ۸: معادلات	مفهوم معادله، عملیه‌های جمع و تفریق در مساوات، عملیه های ضرب و تقسیم در مساوات
af:AF_G08_riazi:8:a54652	af	AF_G08_riazi	8	فصل ۸: معادلات	معادلهٔ عمومی درجه یک یک مجهوله، معادلات معادل و تشکیل معادلات
af:AF_G08_riazi:9:a536ac	af	AF_G08_riazi	8	فصل ۹: رابطه و تابع	نقطه در مستوی، مختصات یک نقطه در مستوی، مجهول و متحول
af:AF_G08_riazi:9:8b7d37	af	AF_G08_riazi	8	فصل ۹: رابطه و تابع	رابطه، رابطهٔ خطی، تشکیل رابطه های خطی و تابع
af:AF_G08_riazi:10:57cfd2	af	AF_G08_riazi	8	فصل ۱۰: احصائیه	جدول کثرت دیتای غیر متمادی، خواص اجرای جدول کثرت
af:AF_G08_riazi:10:ffbc05	af	AF_G08_riazi	8	فصل ۱۰: احصائیه	کثرت تجمعی
af:AF_G08_riazi:10:decf1e	af	AF_G08_riazi	8	فصل ۱۰: احصائیه	کثرت نسبی، گراف میله‌ای، گراف خط منکسر
af:AF_G08_riazi:10:b57664	af	AF_G08_riazi	8	فصل ۱۰: احصائیه	اوسط دیتای غیر متمادی، اوسط دیتای متمادی با استفاده از جدول
af:AF_G08_riazi:11:d72db3	af	AF_G08_riazi	8	فصل ۱۱: احتمال	کثرت نسبی و احتمال
af:AF_G08_riazi:11:c18798	af	AF_G08_riazi	8	فصل ۱۱: احتمال	چانس برابر و نابرابر در یک فضای نمونه
af:AF_G08_riazi:11:f0167e	af	AF_G08_riazi	8	فصل ۱۱: احتمال	حادثهٔ اتفاقی یک فضای نمونه، قواعد احتمال
af:AF_G08_riazi:11:dbea0c	af	AF_G08_riazi	8	فصل ۱۱: احتمال	دیاگرام درختی، قاعدهٔ اول مسیر (حاصل ضرب)
af:AF_G09_riazi:1:f5d1ba	af	AF_G09_riazi	9	فصل ۱: دایره	عناصر دایره، حالات یک مستقیم با دایره، موقعیت دو دایره نظر به یکدیگر
af:AF_G09_riazi:1:c96e44	af	AF_G09_riazi	9	فصل ۱: دایره	زوایای مربوط به دایره
af:AF_G09_riazi:1:a4b9fb	af	AF_G09_riazi	9	فصل ۱: دایره	خصوصیات وتر و شعاع دایره
af:AF_G09_riazi:1:b880fd	af	AF_G09_riazi	9	فصل ۱: دایره	زاویهٔ محیطی دایره، زاویهٔ مماسی دایره
af:AF_G09_riazi:2:0fe92e	af	AF_G09_riazi	9	فصل ۲: روابط بین دایره و خطوط مستقیم	روابط طولی در دایره
af:AF_G09_riazi:2:3c378a	af	AF_G09_riazi	9	فصل ۲: روابط بین دایره و خطوط مستقیم	طاقت یک نقطه نظر به یک دایره
af:AF_G09_riazi:2:1b5a69	af	AF_G09_riazi	9	فصل ۲: روابط بین دایره و خطوط مستقیم	خط مماس به دایره، زاویهٔ داخلی دایره، زاویهٔ خارجی دایره
af:AF_G09_riazi:2:aa5673	af	AF_G09_riazi	9	فصل ۲: روابط بین دایره و خطوط مستقیم	دایرهٔ محیطی، دایرهٔ محاطی
af:AF_G09_riazi:2:3102f7	af	AF_G09_riazi	9	فصل ۲: روابط بین دایره و خطوط مستقیم	خصوصیات چهار ضلعی مرسوم به دایره
af:AF_G09_riazi:2:1c3059	af	AF_G09_riazi	9	فصل ۲: روابط بین دایره و خطوط مستقیم	ترسیم مضلع منظم، محیط و مساحت دایره
af:AF_G09_riazi:3:36dd31	af	AF_G09_riazi	9	فصل ۳: هندسهٔ تحلیلی	فاصله بین دو نقطه
af:AF_G09_riazi:3:4bde00	af	AF_G09_riazi	9	فصل ۳: هندسهٔ تحلیلی	مختصات نقطهٔ وسطی یک قطعه خط
af:AF_G09_riazi:3:2c7f73	af	AF_G09_riazi	9	فصل ۳: هندسهٔ تحلیلی	میل مستقیم، میل مستقیم‌های موازی، میل مستقیم‌های عمود به هم
af:AF_G09_riazi:3:7be391	af	AF_G09_riazi	9	فصل ۳: هندسهٔ تحلیلی	معادلهٔ خط مستقیم، معادلهٔ خط مستقیمی که میل و یک نقطهٔ آن معلوم باشد
af:AF_G09_riazi:3:e9202f	af	AF_G09_riazi	9	فصل ۳: هندسهٔ تحلیلی	شکل عمومی معادلهٔ خط مستقیم
af:AF_G09_riazi:3:f13f17	af	AF_G09_riazi	9	فصل ۳: هندسهٔ تحلیلی	سیستم معادلات خطی
af:AF_G09_riazi:3:7050d5	af	AF_G09_riazi	9	فصل ۳: هندسهٔ تحلیلی	حل سیستم معادلات خطی به روش تعویضی و افناً
af:AF_G09_riazi:3:3dcf0d	af	AF_G09_riazi	9	فصل ۳: هندسهٔ تحلیلی	تغییر مکان، انتقال، انعکاس، دوران
af:AF_G09_riazi:4:f82080	af	AF_G09_riazi	9	فصل ۴: مثلثات	قضیهٔ تالس در مثلثات
af:AF_G09_riazi:4:6f829a	af	AF_G09_riazi	9	فصل ۴: مثلثات	ساین زاویهٔ حاده، کوساین زاویهٔ حاده، تانجانت زاویهٔ حاده
af:AF_G09_riazi:4:fd4889	af	AF_G09_riazi	9	فصل ۴: مثلثات	نسبت‌های مثلثاتی زوایای خاص، رابطهٔ میل و تانجانت
af:AF_G09_riazi:4:42640d	af	AF_G09_riazi	9	فصل ۴: مثلثات	جدول مثلثاتی، حل مثلث‌های قایم‌الزاویه
af:AF_G09_riazi:4:104b78	af	AF_G09_riazi	9	فصل ۴: مثلثات	معادلات مثلثاتی
af:AF_G09_riazi:5:c92af8	af	AF_G09_riazi	9	فصل ۵: افاده‌های الجبری	تجزیه به فکتور
af:AF_G09_riazi:5:5132bc	af	AF_G09_riazi	9	فصل ۵: افاده‌های الجبری	ضرب افاده‌های الجبری، مجموع و تفاضل مکعبات
af:AF_G09_riazi:5:b93c2d	af	AF_G09_riazi	9	فصل ۵: افاده‌های الجبری	کوچک‌ترین مضرب مشترک
af:AF_G09_riazi:5:e35a53	af	AF_G09_riazi	9	فصل ۵: افاده‌های الجبری	تقسیم افاده‌های الجبری
af:AF_G09_riazi:5:895a7e	af	AF_G09_riazi	9	فصل ۵: افاده‌های الجبری	ترتیب عملیات در افاده‌های الجبری
af:AF_G09_riazi:6:901cc1	af	AF_G09_riazi	9	فصل ۶: نامساوات	نامساوات، حل نامساوات‌های خطی
af:AF_G09_riazi:6:c4b783	af	AF_G09_riazi	9	فصل ۶: نامساوات	فاصله یا انتروال‌ها
af:AF_G09_riazi:6:9a7a6b	af	AF_G09_riazi	9	فصل ۶: نامساوات	تعیین اشارهٔ بینوم، تعیین اشارهٔ افادهٔ کسری
af:AF_G09_riazi:6:8d1cd8	af	AF_G09_riazi	9	فصل ۶: نامساوات	نامساوات‌های کسری، نامساوات‌های خطی با دو متحول
af:AF_G09_riazi:6:2afa11	af	AF_G09_riazi	9	فصل ۶: نامساوات	سیستم نامساوات‌ها
af:AF_G09_riazi:7:92dd59	af	AF_G09_riazi	9	فصل ۷: معادلات یک مجهوله درجه دوم	معادلهٔ یک مجهولهٔ درجه دوم، حل معادلات یک مجهولهٔ درجه دوم
af:AF_G09_riazi:7:d44018	af	AF_G09_riazi	9	فصل ۷: معادلات یک مجهوله درجه دوم	روابط غیر خطی
af:AF_G09_riazi:7:299cde	af	AF_G09_riazi	9	فصل ۷: معادلات یک مجهوله درجه دوم	حل معادلات درجه دوم به روش هندسی، تجزیه، طریقهٔ تکمیل مربع، فورمول محمد بن موسی
af:AF_G09_riazi:8:5a8ac4	af	AF_G09_riazi	9	فصل ۸: احصائیه	روش دسته‌بندی Data، دسته‌بندی Data پیوسته، اوسط وزنی
af:AF_G09_riazi:8:280471	af	AF_G09_riazi	9	فصل ۸: احصائیه	گراف مستطیلی، گراف دایروی
af:AF_G09_riazi:8:d129b4	af	AF_G09_riazi	9	فصل ۸: احصائیه	میانه، ساحهٔ تحول، اوسط انحراف
af:AF_G09_riazi:9:965f2a	af	AF_G09_riazi	9	فصل ۹: تیوری احتمالات	اتحاد و تقاطع حوادث اتفاقی
af:AF_G09_riazi:9:058c71	af	AF_G09_riazi	9	فصل ۹: تیوری احتمالات	ست کلی و مکمله
af:AF_G09_riazi:9:6ec6ab	af	AF_G09_riazi	9	فصل ۹: تیوری احتمالات	مدل‌سازی با ست‌ها
af:AF_G09_riazi:9:89d76e	af	AF_G09_riazi	9	فصل ۹: تیوری احتمالات	اصل شمارش
af:AF_G10_riazi:1:02337c	af	AF_G10_riazi	10	فصل ۱: پولینوم	افاده‌های الجبری، اقسام پولینوم و درجهٔ آن، قیمت و مجموع ضرایب یک پولینوم
af:AF_G10_riazi:1:7a2cb6	af	AF_G10_riazi	10	فصل ۱: پولینوم	عملیه‌های چهارگانهٔ پولینوم
af:AF_G10_riazi:1:ea2e8e	af	AF_G10_riazi	10	فصل ۱: پولینوم	قضیهٔ باقیمانده، قضیهٔ فکتور و تقسیم ترکیبی
af:AF_G10_riazi:2:148cb7	af	AF_G10_riazi	10	فصل ۲: رابطه	جوره‌های مرتب و مستوی کارتیزینی
af:AF_G10_riazi:2:110d9e	af	AF_G10_riazi	10	فصل ۲: رابطه	حاصل‌ضرب کارتیزینی و گراف آن
af:AF_G10_riazi:2:19feda	af	AF_G10_riazi	10	فصل ۲: رابطه	رابطه و معکوس یک رابطه
af:AF_G10_riazi:2:314bfe	af	AF_G10_riazi	10	فصل ۲: رابطه	رابطهٔ معادل
af:AF_G10_riazi:3:2e0836	af	AF_G10_riazi	10	فصل ۳: تابع	روش‌های نوشتن و قیمت یک تابع، ناحیهٔ تعریف و تشخیص یک تابع از روی گراف
af:AF_G10_riazi:3:825878	af	AF_G10_riazi	10	فصل ۳: تابع	بعضی توابع خاص و گراف‌های آن‌ها
af:AF_G10_riazi:3:52f3cc	af	AF_G10_riazi	10	فصل ۳: تابع	توابع متزاید و متناقص، توابع جفت و تاق
af:AF_G10_riazi:3:387a5a	af	AF_G10_riazi	10	فصل ۳: تابع	انتقال گراف‌ها (انتقال عمودی، انتقال افقی و ترکیب انتقال عمودی و افقی)
af:AF_G10_riazi:3:7e8212	af	AF_G10_riazi	10	فصل ۳: تابع	عملیه‌های توابع
af:AF_G10_riazi:3:23eefb	af	AF_G10_riazi	10	فصل ۳: تابع	ترکیب توابع، تابع معکوس، تابع یک به یک و گراف تابع و معکوس آن
af:AF_G10_riazi:3:49b920	af	AF_G10_riazi	10	فصل ۳: تابع	توابع پولینومی (تابع درجه یک، تابع درجه دوم) و گراف‌های آن
af:AF_G10_riazi:3:84b9da	af	AF_G10_riazi	10	فصل ۳: تابع	توابع ناطق یا توابع نسبتی و گراف آن‌ها (مجانب‌های عمودی، افقی و مایل)
af:AF_G10_riazi:4:3af38f	af	AF_G10_riazi	10	فصل ۴: توابع مثلثاتی	زاویه و واحدهای اندازه‌گیری یک زاویه
af:AF_G10_riazi:4:f4c1be	af	AF_G10_riazi	10	فصل ۴: توابع مثلثاتی	حالت معیاری یک زاویه و زوایای کوترمینل
af:AF_G10_riazi:4:aa472e	af	AF_G10_riazi	10	فصل ۴: توابع مثلثاتی	توابع مثلثاتی و نسبت‌های مثلثاتی بعضی زوایای خاص
af:AF_G10_riazi:4:da7146	af	AF_G10_riazi	10	فصل ۴: توابع مثلثاتی	ارتباط بین نسبت‌های مثلثاتی یک زاویه حاده با زوایای دیگر
af:AF_G10_riazi:4:5b006f	af	AF_G10_riazi	10	فصل ۴: توابع مثلثاتی	نسبت‌های مثلثاتی زاویه‌های °۰، °۹۰، °۱۸۰، °۲۷۰ و °۳۶۰
af:AF_G10_riazi:4:8b20c8	af	AF_G10_riazi	10	فصل ۴: توابع مثلثاتی	رابطه بین توابع مثلثاتی زوایایی که نسبت به هم رابطهٔ خاصی دارند
af:AF_G10_riazi:4:b8ba5d	af	AF_G10_riazi	10	فصل ۴: توابع مثلثاتی	گراف‌های توابع مثلثاتی
af:AF_G10_riazi:5:653504	af	AF_G10_riazi	10	فصل ۵: تطبیقات مثلثات	قوانین نسبت‌های مثلثاتی زوایای مرکب
af:AF_G10_riazi:5:1bd7cc	af	AF_G10_riazi	10	فصل ۵: تطبیقات مثلثات	نسبت‌های مثلثاتی مجموع و تفاضل دو زاویه
af:AF_G10_riazi:5:6a2d59	af	AF_G10_riazi	10	فصل ۵: تطبیقات مثلثات	نسبت‌های مثلثاتی دوچند و سه‌چند یک زاویه از جنس زاویه
af:AF_G10_riazi:5:07737a	af	AF_G10_riazi	10	فصل ۵: تطبیقات مثلثات	تبدیل مجموع یا تفاضل نسبت‌های مثلثاتی زوایا به شکل حاصل‌ضرب
af:AF_G10_riazi:5:dca5f5	af	AF_G10_riazi	10	فصل ۵: تطبیقات مثلثات	تبدیل حاصل‌ضرب نسبت‌های مثلثاتی زوایا به مجموع و یا تفاضل
af:AF_G10_riazi:5:ccda5a	af	AF_G10_riazi	10	فصل ۵: تطبیقات مثلثات	طول قوس، قطاع یک دایره و مساحت قطاع، قطعهٔ دایره و مساحت قطعهٔ دایره
af:AF_G10_riazi:5:92821a	af	AF_G10_riazi	10	فصل ۵: تطبیقات مثلثات	مساحت مثلث از جنس دو ضلع و زاویه بین این دو ضلع
af:AF_G10_riazi:5:eeca1d	af	AF_G10_riazi	10	فصل ۵: تطبیقات مثلثات	مساحت مثلث از روی سه ضلع مثلث (فورمول هیرون)
af:AF_G10_riazi:5:917bc9	af	AF_G10_riazi	10	فصل ۵: تطبیقات مثلثات	شعاع دایرهٔ محیطی و محاطی یک مثلث
af:AF_G10_riazi:6:7cb46e	af	AF_G10_riazi	10	فصل ۶: اعداد مختلط	اعداد موهومی و عملیه‌های چهارگانهٔ اعداد موهومی
af:AF_G10_riazi:6:6c84c0	af	AF_G10_riazi	10	فصل ۶: اعداد مختلط	جمع و تفریق اعداد مختلط
af:AF_G10_riazi:6:ee5bdc	af	AF_G10_riazi	10	فصل ۶: اعداد مختلط	ضرب اعداد مختلط، مزدوج و معکوس ضربی یک عدد مختلط
af:AF_G10_riazi:6:92af6a	af	AF_G10_riazi	10	فصل ۶: اعداد مختلط	تقسیم اعداد مختلط
af:AF_G10_riazi:6:eb01ba	af	AF_G10_riazi	10	فصل ۶: اعداد مختلط	حل معادله‌های درجه‌دوم یک مجهوله در ساحهٔ اعداد مختلط
af:AF_G10_riazi:7:a5bd29	af	AF_G10_riazi	10	فصل ۷: هندسهٔ تحلیلی	سیستم کمیات وضعیه و فاصلهٔ بین دو نقطه
af:AF_G10_riazi:7:3b03e3	af	AF_G10_riazi	10	فصل ۷: هندسهٔ تحلیلی	دریافت کمیات وضعیهٔ نقطه‌یی‌که یک قطعه خط را به یک‌نسبت تقسیم می‌کند
af:AF_G10_riazi:7:59ce99	af	AF_G10_riazi	10	فصل ۷: هندسهٔ تحلیلی	میل یک خط مستقیم
af:AF_G10_riazi:7:fca0ab	af	AF_G10_riazi	10	فصل ۷: هندسهٔ تحلیلی	معادلهٔ یک خط مستقیم(معادلهٔ معیاری یک خط مستقیم، معادلهٔ خط مستقیمی که میل و یک نقطهٔ آن معلوم باشد، دو نقطهٔ آن معلوم باشد، معادلهٔ خطی که تقاطع آن با محورها معلوم باشد، معادلهٔ نورمال و معادلهٔ عمومی یک خط مستقیم)
af:AF_G10_riazi:7:b8e78c	af	AF_G10_riazi	10	فصل ۷: هندسهٔ تحلیلی	تبدیل معادلهٔ عمومی یک خط مستقیم به اشکال دیگر معادلات خط مستقیم
af:AF_G10_riazi:7:ad0029	af	AF_G10_riazi	10	فصل ۷: هندسهٔ تحلیلی	فاصلهٔ یک نقطه از یک خط مستقیم
af:AF_G10_riazi:7:39fdf7	af	AF_G10_riazi	10	فصل ۷: هندسهٔ تحلیلی	دایره و معادلهٔ دایره، حالات یک خط مستقیم با دایره
af:AF_G10_riazi:7:12d9c0	af	AF_G10_riazi	10	فصل ۷: هندسهٔ تحلیلی	معادلهٔ مماس و طول مماس
af:AF_G10_riazi:7:95e2ac	af	AF_G10_riazi	10	فصل ۷: هندسهٔ تحلیلی	دریافت مساحت مثلث در صورتی که کمیات وضعیهٔ سه رأس آن معلوم باشد
af:AF_G10_riazi:8:cccb7d	af	AF_G10_riazi	10	فصل ۸: احصائیه	گراف چندضلعی کثرت، گراف ساقه و برگ، چارک‌ها و گراف صندوقچه‌یی
af:AF_G10_riazi:8:21a663	af	AF_G10_riazi	10	فصل ۸: احصائیه	مقایسهٔ شاخص‌های مرکزی توسط منحنی نارمل، انحراف چارک‌ها
af:AF_G10_riazi:8:7fc66a	af	AF_G10_riazi	10	فصل ۸: احصائیه	واریانس و انحراف معیاری
af:AF_G10_riazi:9:2aa5c0	af	AF_G10_riazi	10	فصل ۹: منطق (ریاضی)	استدلال درک شهودی، استدلال تمثیلی یا قیاسی، استدلال استقرایی، استقرای ریاضی
af:AF_G10_riazi:9:522cb5	af	AF_G10_riazi	10	فصل ۹: منطق (ریاضی)	استدلال استنتاجی، استدلال مثال نقض، برهان خلف یا ثبوت غیرمستقیم
af:AF_G10_riazi:9:672d8a	af	AF_G10_riazi	10	فصل ۹: منطق (ریاضی)	منطق ریاضی و استنتاج بیان
af:AF_G11_riazi:1:c17b0e	af	AF_G11_riazi	11	فصل ۱: مقاطع مخروطی	مقاطع مخروطی
af:AF_G11_riazi:1:da6ca9	af	AF_G11_riazi	11	فصل ۱: مقاطع مخروطی	بیضوی
af:AF_G11_riazi:1:06fb54	af	AF_G11_riazi	11	فصل ۱: مقاطع مخروطی	معادلهٔ بیضوی
af:AF_G11_riazi:1:95b1ea	af	AF_G11_riazi	11	فصل ۱: مقاطع مخروطی	معادلهٔ بیضوی‌یی که مرکز آن یک نقطهٔ اختیاری باشد
af:AF_G11_riazi:1:2989b3	af	AF_G11_riazi	11	فصل ۱: مقاطع مخروطی	پارابولا
af:AF_G11_riazi:1:deecfb	af	AF_G11_riazi	11	فصل ۱: مقاطع مخروطی	معادلهٔ پارابولا
af:AF_G11_riazi:1:4418e2	af	AF_G11_riazi	11	فصل ۱: مقاطع مخروطی	معادلهٔ پارابولا که رأس آن یک نقطهٔ اختیاری باشد
af:AF_G11_riazi:1:121739	af	AF_G11_riazi	11	فصل ۱: مقاطع مخروطی	هایپربولا
af:AF_G11_riazi:1:3719a3	af	AF_G11_riazi	11	فصل ۱: مقاطع مخروطی	معادلهٔ هایپربولا
af:AF_G11_riazi:1:e0c01e	af	AF_G11_riazi	11	فصل ۱: مقاطع مخروطی	معادلهٔ هایپربولایی که مرکز آن یک نقطهٔ اختیاری باشد
af:AF_G11_riazi:1:a8a716	af	AF_G11_riazi	11	فصل ۱: مقاطع مخروطی	حالات نسبی یک خط مسقیم نظر به مقاطع مخروطی
af:AF_G11_riazi:2:99e2b9	af	AF_G11_riazi	11	فصل ۲: مثلثات	قانون ساین
af:AF_G11_riazi:2:ddd5cc	af	AF_G11_riazi	11	فصل ۲: مثلثات	قانون کوساین
af:AF_G11_riazi:2:d27bb9	af	AF_G11_riazi	11	فصل ۲: مثلثات	قانون تانجانت
af:AF_G11_riazi:2:b2adf8	af	AF_G11_riazi	11	فصل ۲: مثلثات	مطابقت‌های مثلثاتی
af:AF_G11_riazi:2:104b78	af	AF_G11_riazi	11	فصل ۲: مثلثات	معادلات مثلثاتی
af:AF_G11_riazi:2:fd72cb	af	AF_G11_riazi	11	فصل ۲: مثلثات	معادلات مثلثاتی درجه دوم
af:AF_G11_riazi:2:dd5a6e	af	AF_G11_riazi	11	فصل ۲: مثلثات	سیستم معادلات دو مجهولهٔ مثلثاتی
af:AF_G11_riazi:3:eadbb3	af	AF_G11_riazi	11	فصل ۳: هندسهٔ فضایی	مفاهیم اساسی و اکسیوم‌ها
af:AF_G11_riazi:3:7474fa	af	AF_G11_riazi	11	فصل ۳: هندسهٔ فضایی	خط و مستوی در فضای سه بُعدی
af:AF_G11_riazi:3:f75f4d	af	AF_G11_riazi	11	فصل ۳: هندسهٔ فضایی	خطوط مستقیم موازی در فضا
af:AF_G11_riazi:3:eb1049	af	AF_G11_riazi	11	فصل ۳: هندسهٔ فضایی	زاویه بین دو خط مستقیم در فضا
af:AF_G11_riazi:3:4506b6	af	AF_G11_riazi	11	فصل ۳: هندسهٔ فضایی	مستقیم‌های موازی و مستوی‌های موازی در فضا
af:AF_G11_riazi:3:1b03e9	af	AF_G11_riazi	11	فصل ۳: هندسهٔ فضایی	خطوط مستقیم و مستوی‌های متعامد درفضا
af:AF_G11_riazi:3:455db0	af	AF_G11_riazi	11	فصل ۳: هندسهٔ فضایی	مستوی‌های موازی در فضا
af:AF_G11_riazi:4:a2f846	af	AF_G11_riazi	11	فصل ۴: ترادف‌ها و سلسله‌ها	ترادف‌ها
af:AF_G11_riazi:4:b561b0	af	AF_G11_riazi	11	فصل ۴: ترادف‌ها و سلسله‌ها	ترادف حسابی
af:AF_G11_riazi:4:f3043b	af	AF_G11_riazi	11	فصل ۴: ترادف‌ها و سلسله‌ها	ترادف هندسی
af:AF_G11_riazi:4:750f43	af	AF_G11_riazi	11	فصل ۴: ترادف‌ها و سلسله‌ها	مجموع قسمی ترادف‌ها
af:AF_G11_riazi:4:512d1d	af	AF_G11_riazi	11	فصل ۴: ترادف‌ها و سلسله‌ها	مجموع قسمی n حد اول ترادف حسابی
af:AF_G11_riazi:4:0ef9d1	af	AF_G11_riazi	11	فصل ۴: ترادف‌ها و سلسله‌ها	حاصل جمع n حد ترادف هندسی
af:AF_G11_riazi:4:14b837	af	AF_G11_riazi	11	فصل ۴: ترادف‌ها و سلسله‌ها	سلسله‌های هندسی لایتناهی
af:AF_G11_riazi:5:b6f90f	af	AF_G11_riazi	11	فصل ۵: لوگاریتم	توابع اکسپوننشیل
af:AF_G11_riazi:5:cc84cb	af	AF_G11_riazi	11	فصل ۵: لوگاریتم	لوگاریتم
af:AF_G11_riazi:5:404e79	af	AF_G11_riazi	11	فصل ۵: لوگاریتم	توابع لوگاریتمی
af:AF_G11_riazi:5:e30c8b	af	AF_G11_riazi	11	فصل ۵: لوگاریتم	لوگاریتم معمولی و لوگاریتم طبیعی
af:AF_G11_riazi:5:ea18e3	af	AF_G11_riazi	11	فصل ۵: لوگاریتم	قوانین لوگاریتم
af:AF_G11_riazi:5:4e531e	af	AF_G11_riazi	11	فصل ۵: لوگاریتم	تبدیل قاعدهٔ لوگاریتم به قاعدهٔ دیگر
af:AF_G11_riazi:5:dbec6f	af	AF_G11_riazi	11	فصل ۵: لوگاریتم	کرکترستیک و مانتیس
af:AF_G11_riazi:5:2c040f	af	AF_G11_riazi	11	فصل ۵: لوگاریتم	جدول لوگاریتم
af:AF_G11_riazi:5:1a9b0b	af	AF_G11_riazi	11	فصل ۵: لوگاریتم	انتی لوگاریتم
af:AF_G11_riazi:5:14094d	af	AF_G11_riazi	11	فصل ۵: لوگاریتم	انترپولیشن خطی
af:AF_G11_riazi:5:abd7b5	af	AF_G11_riazi	11	فصل ۵: لوگاریتم	معادلات اکسپوننشیل و لوگاریتمی
af:AF_G11_riazi:5:d4a537	af	AF_G11_riazi	11	فصل ۵: لوگاریتم	استفاده از لوگاریتم در اجرای عملیه‌های ریاضی
af:AF_G11_riazi:6:6ed925	af	AF_G11_riazi	11	فصل ۶: متریکس‌ها	متریکس‌ها
af:AF_G11_riazi:6:cdeb91	af	AF_G11_riazi	11	فصل ۶: متریکس‌ها	انواع متریکس‌ها
af:AF_G11_riazi:6:367767	af	AF_G11_riazi	11	فصل ۶: متریکس‌ها	جمع و تفریق متریکس‌ها
af:AF_G11_riazi:6:bd33aa	af	AF_G11_riazi	11	فصل ۶: متریکس‌ها	ضرب یک متریکس در سکالر
af:AF_G11_riazi:6:d72d70	af	AF_G11_riazi	11	فصل ۶: متریکس‌ها	ضرب دو متریکس
af:AF_G11_riazi:6:c384bb	af	AF_G11_riazi	11	فصل ۶: متریکس‌ها	ترانسپوز یک متریکس
af:AF_G11_riazi:6:faed6a	af	AF_G11_riazi	11	فصل ۶: متریکس‌ها	دیترمینانت
af:AF_G11_riazi:6:440141	af	AF_G11_riazi	11	فصل ۶: متریکس‌ها	خواص دیترمینانت
af:AF_G11_riazi:6:162c52	af	AF_G11_riazi	11	فصل ۶: متریکس‌ها	معکوس ضربی متریکس‌های 2×2
af:AF_G11_riazi:6:f192c9	af	AF_G11_riazi	11	فصل ۶: متریکس‌ها	حل سیستم معادلات خطی با استفاده از معکوس متریکس
af:AF_G11_riazi:6:a4afa5	af	AF_G11_riazi	11	فصل ۶: متریکس‌ها	حل سیستم معادلات به طریقهٔ کرامر
af:AF_G11_riazi:6:c16b0f	af	AF_G11_riazi	11	فصل ۶: متریکس‌ها	حل سیستم معادلات به طریقهٔ حذفی(Gouse)
af:AF_G11_riazi:7:91bd70	af	AF_G11_riazi	11	فصل ۷: وکتورها در فضا	وکتورها در سیستم مختصات قایم
af:AF_G11_riazi:7:8c95bf	af	AF_G11_riazi	11	فصل ۷: وکتورها در فضا	فاصله و نقطهٔ وسطی بین دو نقطه
af:AF_G11_riazi:7:0c1c4d	af	AF_G11_riazi	11	فصل ۷: وکتورها در فضا	وکتورها در سطح و فضا
af:AF_G11_riazi:7:d4508a	af	AF_G11_riazi	11	فصل ۷: وکتورها در فضا	مختصات نقطه در فضای سه بُعدی
af:AF_G11_riazi:7:502626	af	AF_G11_riazi	11	فصل ۷: وکتورها در فضا	زوایای جهت و کوساین‌های جهت یک وکتور
af:AF_G11_riazi:7:04a2c7	af	AF_G11_riazi	11	فصل ۷: وکتورها در فضا	حاصل ضرب سکالری دو وکتور
af:AF_G11_riazi:7:5fb50a	af	AF_G11_riazi	11	فصل ۷: وکتورها در فضا	حاصل ضرب وکتوری دو وکتور
af:AF_G11_riazi:8:ee3d18	af	AF_G11_riazi	11	فصل ۸: احصائیه	ضریب تغییرات
af:AF_G11_riazi:8:6ac079	af	AF_G11_riazi	11	فصل ۸: احصائیه	پراگنده گی در منحنی نورمال
af:AF_G11_riazi:8:2e586e	af	AF_G11_riazi	11	فصل ۸: احصائیه	شاخص‌های شکل توزیع نورمال
af:AF_G11_riazi:8:ddb1c3	af	AF_G11_riazi	11	فصل ۸: احصائیه	جامعه‌های چند متحوله
af:AF_G11_riazi:8:5b47b2	af	AF_G11_riazi	11	فصل ۸: احصائیه	گراف پراگنده‌گی
af:AF_G11_riazi:8:103046	af	AF_G11_riazi	11	فصل ۸: احصائیه	همبسته گی و ضریب همبسته‌گی
af:AF_G11_riazi:8:84a995	af	AF_G11_riazi	11	فصل ۸: احصائیه	خط رگرسیون
af:AF_G11_riazi:9:1444ee	af	AF_G11_riazi	11	فصل ۹: احتمالات	ترتیب
af:AF_G11_riazi:9:f761dd	af	AF_G11_riazi	11	فصل ۹: احتمالات	ترکیب‌ها
af:AF_G11_riazi:9:fddfff	af	AF_G11_riazi	11	فصل ۹: احتمالات	ترکیب
af:AF_G11_riazi:9:22a6a2	af	AF_G11_riazi	11	فصل ۹: احتمالات	تبدیل‌ها
af:AF_G11_riazi:9:3218f7	af	AF_G11_riazi	11	فصل ۹: احتمالات	قضیهٔ بینوم
af:AF_G11_riazi:9:35ba9f	af	AF_G11_riazi	11	فصل ۹: احتمالات	احتمال دو جمله‌یی
af:AF_G12_riazi:1:60c32d	af	AF_G12_riazi	12	فصل ۱: لیمت — ص ۱-۴۰	مفهوم لیمت
af:AF_G12_riazi:1:af8233	af	AF_G12_riazi	12	فصل ۱: لیمت — ص ۱-۴۰	لیمت طرف راست و طرف چپ
af:AF_G12_riazi:1:a4830a	af	AF_G12_riazi	12	فصل ۱: لیمت — ص ۱-۴۰	خواص لیمت
af:AF_G12_riazi:1:8b52c5	af	AF_G12_riazi	12	فصل ۱: لیمت — ص ۱-۴۰	لیمت توابع نسبتی
af:AF_G12_riazi:1:671988	af	AF_G12_riazi	12	فصل ۱: لیمت — ص ۱-۴۰	شکل مبهم ∞/∞
af:AF_G12_riazi:1:1ee1f8	af	AF_G12_riazi	12	فصل ۱: لیمت — ص ۱-۴۰	اشکال مبهم (∞ − ∞) و (0.∞)
af:AF_G12_riazi:1:374135	af	AF_G12_riazi	12	فصل ۱: لیمت — ص ۱-۴۰	اشکال مبهم 1^∞ ، ∞^0 ، 0^0
af:AF_G12_riazi:1:36385d	af	AF_G12_riazi	12	فصل ۱: لیمت — ص ۱-۴۰	لیمت توابع مثلثاتی
af:AF_G12_riazi:1:1743b6	af	AF_G12_riazi	12	فصل ۱: لیمت — ص ۱-۴۰	متمادیت توابع
af:AF_G12_riazi:1:693128	af	AF_G12_riazi	12	فصل ۱: لیمت — ص ۱-۴۰	خواص توابع متمادی
af:AF_G12_riazi:2:c4b66c	af	AF_G12_riazi	12	فصل ۲: مشتق — ص ۴۱-۸۲	مشتقات
af:AF_G12_riazi:2:ea60b1	af	AF_G12_riazi	12	فصل ۲: مشتق — ص ۴۱-۸۲	مشتق یک تابع
af:AF_G12_riazi:2:269d6b	af	AF_G12_riazi	12	فصل ۲: مشتق — ص ۴۱-۸۲	تعبیر هندسی مشتق
af:AF_G12_riazi:2:2f9e97	af	AF_G12_riazi	12	فصل ۲: مشتق — ص ۴۱-۸۲	قوانین مشتق
af:AF_G12_riazi:2:f65d2e	af	AF_G12_riazi	12	فصل ۲: مشتق — ص ۴۱-۸۲	مشتق تابع مرکب
af:AF_G12_riazi:2:cace96	af	AF_G12_riazi	12	فصل ۲: مشتق — ص ۴۱-۸۲	مشتق توابع مثلثاتی
af:AF_G12_riazi:2:c382c0	af	AF_G12_riazi	12	فصل ۲: مشتق — ص ۴۱-۸۲	مشتقات ضمنی
af:AF_G12_riazi:2:b751d9	af	AF_G12_riazi	12	فصل ۲: مشتق — ص ۴۱-۸۲	مشتقات مرتبه بلند
af:AF_G12_riazi:3:af9826	af	AF_G12_riazi	12	فصل ۳: موارد استعمال مشتق — ص ۸۳-۱۳۲	نقاط بحرانی یک تابع (اعظمی(Maximum) و اصغری(Minimum))
af:AF_G12_riazi:3:b3ca0c	af	AF_G12_riazi	12	فصل ۳: موارد استعمال مشتق — ص ۸۳-۱۳۲	تعین نقطهٔ انعطاف
af:AF_G12_riazi:3:734882	af	AF_G12_riazi	12	فصل ۳: موارد استعمال مشتق — ص ۸۳-۱۳۲	تحولات توابع درجه دوم
af:AF_G12_riazi:3:be36ba	af	AF_G12_riazi	12	فصل ۳: موارد استعمال مشتق — ص ۸۳-۱۳۲	مجانب‌های گراف توابع
af:AF_G12_riazi:3:54db97	af	AF_G12_riazi	12	فصل ۳: موارد استعمال مشتق — ص ۸۳-۱۳۲	گراف توابع هوموگرافیک
af:AF_G12_riazi:3:7953bb	af	AF_G12_riazi	12	فصل ۳: موارد استعمال مشتق — ص ۸۳-۱۳۲	گراف توابع یک مجهولهٔ درجه سوم
af:AF_G12_riazi:3:94fa6a	af	AF_G12_riazi	12	فصل ۳: موارد استعمال مشتق — ص ۸۳-۱۳۲	قضیهRolle
af:AF_G12_riazi:3:e5ce47	af	AF_G12_riazi	12	فصل ۳: موارد استعمال مشتق — ص ۸۳-۱۳۲	قاعدهٔ هوپیتال
af:AF_G12_riazi:3:5d1dc0	af	AF_G12_riazi	12	فصل ۳: موارد استعمال مشتق — ص ۸۳-۱۳۲	تطبیق نقاط بحرانی
af:AF_G12_riazi:4:a68ee9	af	AF_G12_riazi	12	فصل ۴: انتیگرال‌ها — ص ۱۳۳-۱۷۲	مجموع ریمان
af:AF_G12_riazi:4:7e3bc2	af	AF_G12_riazi	12	فصل ۴: انتیگرال‌ها — ص ۱۳۳-۱۷۲	مفهوم انتیگرال
af:AF_G12_riazi:4:7d1c20	af	AF_G12_riazi	12	فصل ۴: انتیگرال‌ها — ص ۱۳۳-۱۷۲	انتیگرال غیرمعین
af:AF_G12_riazi:4:c58e2c	af	AF_G12_riazi	12	فصل ۴: انتیگرال‌ها — ص ۱۳۳-۱۷۲	خواص انتیگرال غیرمعین
af:AF_G12_riazi:4:0d9961	af	AF_G12_riazi	12	فصل ۴: انتیگرال‌ها — ص ۱۳۳-۱۷۲	انتیگرال معین
af:AF_G12_riazi:4:841fee	af	AF_G12_riazi	12	فصل ۴: انتیگرال‌ها — ص ۱۳۳-۱۷۲	خواص انتیگرال معین
af:AF_G12_riazi:4:133a6c	af	AF_G12_riazi	12	فصل ۴: انتیگرال‌ها — ص ۱۳۳-۱۷۲	قضایای اساسی مشتق و انتیگرال
af:AF_G12_riazi:4:212679	af	AF_G12_riazi	12	فصل ۴: انتیگرال‌ها — ص ۱۳۳-۱۷۲	انتیگرال‌گیری به طریقهٔ تعویض
af:AF_G12_riazi:4:ce3c02	af	AF_G12_riazi	12	فصل ۴: انتیگرال‌ها — ص ۱۳۳-۱۷۲	انتیگرال‌گیری به طریقهٔ قسمی
af:AF_G12_riazi:5:eb2e50	af	AF_G12_riazi	12	فصل ۵: مشتق و انتیگرال توابع لوگاریتمی و اکسپوننشیل — ص ۱۷۳-۱۹۸	مشتق توابع اکسپوننشیل و لوگاریتمی
af:AF_G12_riazi:5:c03bf1	af	AF_G12_riazi	12	فصل ۵: مشتق و انتیگرال توابع لوگاریتمی و اکسپوننشیل — ص ۱۷۳-۱۹۸	مشتق توابع معکوس
af:AF_G12_riazi:5:4b1949	af	AF_G12_riazi	12	فصل ۵: مشتق و انتیگرال توابع لوگاریتمی و اکسپوننشیل — ص ۱۷۳-۱۹۸	مشتق توابع معکوس مثلثاتی
af:AF_G12_riazi:5:4202da	af	AF_G12_riazi	12	فصل ۵: مشتق و انتیگرال توابع لوگاریتمی و اکسپوننشیل — ص ۱۷۳-۱۹۸	کسور قسمی
af:AF_G12_riazi:5:570e25	af	AF_G12_riazi	12	فصل ۵: مشتق و انتیگرال توابع لوگاریتمی و اکسپوننشیل — ص ۱۷۳-۱۹۸	انتیگرال‌های توابع اکسپوننشیل
af:AF_G12_riazi:5:bd4de2	af	AF_G12_riazi	12	فصل ۵: مشتق و انتیگرال توابع لوگاریتمی و اکسپوننشیل — ص ۱۷۳-۱۹۸	انتیگرال‌های توابع لوگاریتمی
af:AF_G12_riazi:5:ea937a	af	AF_G12_riazi	12	فصل ۵: مشتق و انتیگرال توابع لوگاریتمی و اکسپوننشیل — ص ۱۷۳-۱۹۸	محاسبهٔ انتیگرال توسط کسور قسمی
af:AF_G12_riazi:6:c638a5	af	AF_G12_riazi	12	فصل ۶: تطبیقات انتیگرال — ص ۱۹۹-۲۲۲	محاسبهٔ مساحت محصور شده توسط یک منحنی
af:AF_G12_riazi:6:480347	af	AF_G12_riazi	12	فصل ۶: تطبیقات انتیگرال — ص ۱۹۹-۲۲۲	محاسبهٔ مساحت محصور شده توسط دو منحنی
af:AF_G12_riazi:6:a94c62	af	AF_G12_riazi	12	فصل ۶: تطبیقات انتیگرال — ص ۱۹۹-۲۲۲	محاسبهٔ حجم اجسام دورانی
af:AF_G12_riazi:6:4c16bc	af	AF_G12_riazi	12	فصل ۶: تطبیقات انتیگرال — ص ۱۹۹-۲۲۲	محاسبهٔ طول قوس
af:AF_G12_riazi:7:2e55e2	af	AF_G12_riazi	12	فصل ۷: احصائیه — ص ۲۲۳-۲۶۰	تابع توزیع احتمال
af:AF_G12_riazi:7:8ecad0	af	AF_G12_riazi	12	فصل ۷: احصائیه — ص ۲۲۳-۲۶۰	آزمایش برنولی و توزیع دو جمله‌یی
af:AF_G12_riazi:7:009f90	af	AF_G12_riazi	12	فصل ۷: احصائیه — ص ۲۲۳-۲۶۰	توزیع احتمال پواسن
af:AF_G12_riazi:7:655f1a	af	AF_G12_riazi	12	فصل ۷: احصائیه — ص ۲۲۳-۲۶۰	توزیع نورمال
af:AF_G12_riazi:7:654b7c	af	AF_G12_riazi	12	فصل ۷: احصائیه — ص ۲۲۳-۲۶۰	مساحت تحت منحنی توزیع نورمال و استاندارد کردن آن
af:AF_G12_riazi:7:c46d70	af	AF_G12_riazi	12	فصل ۷: احصائیه — ص ۲۲۳-۲۶۰	نمونه‌گیری
af:AF_G12_riazi:7:d5be9a	af	AF_G12_riazi	12	فصل ۷: احصائیه — ص ۲۲۳-۲۶۰	توزیع اوسط نمونه
af:AF_G12_riazi:7:47648b	af	AF_G12_riazi	12	فصل ۷: احصائیه — ص ۲۲۳-۲۶۰	قضیهٔ لیمت مرکزی
af:AF_G12_riazi:7:8154dc	af	AF_G12_riazi	12	فصل ۷: احصائیه — ص ۲۲۳-۲۶۰	توزیع نمونهٔ نسبت
af:AF_G12_riazi:8:9767d8	af	AF_G12_riazi	12	فصل ۸: احتمالات — ص ۲۶۱-۲۸۱	فضای نمونهٔ گسسته و پیوسته
af:AF_G12_riazi:8:dbb646	af	AF_G12_riazi	12	فصل ۸: احتمالات — ص ۲۶۱-۲۸۱	حوادث هم‌چانس
af:AF_G12_riazi:8:9cd639	af	AF_G12_riazi	12	فصل ۸: احتمالات — ص ۲۶۱-۲۸۱	احتمال فضاهای پیوسته
af:AF_G12_riazi:8:a474f1	af	AF_G12_riazi	12	فصل ۸: احتمالات — ص ۲۶۱-۲۸۱	احتمال مشروط
af:AF_G12_riazi:8:0a1139	af	AF_G12_riazi	12	فصل ۸: احتمالات — ص ۲۶۱-۲۸۱	اصل حاصل ضرب
af:AF_G12_riazi:8:2e3b53	af	AF_G12_riazi	12	فصل ۸: احتمالات — ص ۲۶۱-۲۸۱	استقلالیت حوادث اتفاقی
uk:UK_ALEVEL:1:6f3f1c	uk	UK_ALEVEL	12-13	A Proof	A1: [Understand and use the structure of mathematical proof, proceeding from given assumptions through a series of logical steps to a conclusion; use methods of proof, including proof by deduction, proof by exhaustion]; [Disproof by counter example]; Proof by contradiction (including proof of the irrationality of √2 and the infinity of primes, and application to unfamiliar proofs) [part-AS]
uk:UK_ALEVEL:2:0e796c	uk	UK_ALEVEL	12-13	B Algebra and functions	B1: [Understand and use the laws of indices for all rational exponents] [AS]
uk:UK_ALEVEL:2:82fde3	uk	UK_ALEVEL	12-13	B Algebra and functions	B2: [Use and manipulate surds, including rationalising the denominator] [AS]
uk:UK_ALEVEL:2:7cc3ce	uk	UK_ALEVEL	12-13	B Algebra and functions	B3: [Work with quadratic functions and their graphs; the discriminant of a quadratic function, including the conditions for real and repeated roots; completing the square; solution of quadratic equations including solving quadratic equations in a function of the unknown] [AS]
uk:UK_ALEVEL:2:5e9b3f	uk	UK_ALEVEL	12-13	B Algebra and functions	B4: [Solve simultaneous equations in two variables by elimination and by substitution, including one linear and one quadratic equation] [AS]
uk:UK_ALEVEL:2:f3ac84	uk	UK_ALEVEL	12-13	B Algebra and functions	B5: [Solve linear and quadratic inequalities in a single variable and interpret such inequalities graphically, including inequalities with brackets and fractions]; [Express solutions through correct use of ‘and’ and ‘or’, or through set notation]; [Represent linear and quadratic inequalities such as y > x + 1 and y > ax² + bx + c graphically] [AS]
uk:UK_ALEVEL:2:bbae5d	uk	UK_ALEVEL	12-13	B Algebra and functions	B6: [Manipulate polynomials algebraically, including expanding brackets and collecting like terms, factorisation and simple algebraic division; use of the factor theorem]; Simplify rational expressions including by factorising and cancelling, and algebraic division (by linear expressions only) [part-AS]
uk:UK_ALEVEL:2:f97a35	uk	UK_ALEVEL	12-13	B Algebra and functions	B7: [Understand and use graphs of functions; sketch curves defined by simple equations including polynomials], the modulus of a linear function, [y = a/x and y = a/x² (including their vertical and horizontal asymptotes); interpret algebraic solution of equations graphically; use intersection points of graphs to solve equations]; [Understand and use proportional relationships and their graphs] [part-AS]
uk:UK_ALEVEL:2:767f57	uk	UK_ALEVEL	12-13	B Algebra and functions	B8: Understand and use composite functions; inverse functions and their graphs
uk:UK_ALEVEL:2:e1ce99	uk	UK_ALEVEL	12-13	B Algebra and functions	B9: [Understand the effect of simple transformations on the graph of y = f(x) including sketching associated graphs: y = af(x), y = f(x) + a, y = f(x + a), y = f(ax)], and combinations of these transformations [part-AS]
uk:UK_ALEVEL:2:cfc8de	uk	UK_ALEVEL	12-13	B Algebra and functions	B10: Decompose rational functions into partial fractions (denominators not more complicated than squared linear terms and with no more than 3 terms, numerators constant or linear)
uk:UK_ALEVEL:2:f7825b	uk	UK_ALEVEL	12-13	B Algebra and functions	B11: Use of functions in modelling, including consideration of limitations and refinements of the models
uk:UK_ALEVEL:3:a02ea8	uk	UK_ALEVEL	12-13	C Coordinate geometry in the (x,y) plane	C1: [Understand and use the equation of a straight line, including the forms y − y₁ = m(x − x₁) and ax + by + c = 0; gradient conditions for two straight lines to be parallel or perpendicular]; [Be able to use straight line models in a variety of contexts] [AS]
uk:UK_ALEVEL:3:ac81d2	uk	UK_ALEVEL	12-13	C Coordinate geometry in the (x,y) plane	C2: [Understand and use the coordinate geometry of the circle including using the equation of a circle in the form (x − a)² + (y − b)² = r²; completing the square to find the centre and radius of a circle; use of the following properties: the angle in a semicircle is a right angle; the perpendicular from the centre to a chord bisects the chord; the radius of a circle at a given point on its circumference is perpendicular to the tangent to the circle at that point] [AS]
uk:UK_ALEVEL:3:880b95	uk	UK_ALEVEL	12-13	C Coordinate geometry in the (x,y) plane	C3: Understand and use the parametric equations of curves and conversion between Cartesian and parametric forms
uk:UK_ALEVEL:3:7a0452	uk	UK_ALEVEL	12-13	C Coordinate geometry in the (x,y) plane	C4: Use parametric equations in modelling in a variety of contexts
uk:UK_ALEVEL:4:de4373	uk	UK_ALEVEL	12-13	D Sequences and series	D1: [Understand and use the binomial expansion of (a + bx)ⁿ for positive integer n; the notations n! and ⁿCᵣ; link to binomial probabilities]; Extend to any rational n, including its use for approximation; be aware that the expansion is valid for |bx/a| < 1. (proof not required) [part-AS]
uk:UK_ALEVEL:4:4e67af	uk	UK_ALEVEL	12-13	D Sequences and series	D2: Work with sequences including those given by a formula for the nth term and those generated by a simple relation of the form xₙ₊₁ = f(xₙ); increasing sequences; decreasing sequences; periodic sequences
uk:UK_ALEVEL:4:34f8d3	uk	UK_ALEVEL	12-13	D Sequences and series	D3: Understand and use sigma notation for sums of series
uk:UK_ALEVEL:4:1cb349	uk	UK_ALEVEL	12-13	D Sequences and series	D4: Understand and work with arithmetic sequences and series, including the formulae for nth term and the sum to n terms
uk:UK_ALEVEL:4:815e8d	uk	UK_ALEVEL	12-13	D Sequences and series	D5: Understand and work with geometric sequences and series including the formulae for the nth term and the sum of a finite geometric series; the sum to infinity of a convergent geometric series, including the use of |r| < 1; modulus notation
uk:UK_ALEVEL:4:df7a11	uk	UK_ALEVEL	12-13	D Sequences and series	D6: Use sequences and series in modelling
uk:UK_ALEVEL:5:2fe772	uk	UK_ALEVEL	12-13	E Trigonometry	E1: [Understand and use the definitions of sine, cosine and tangent for all arguments; the sine and cosine rules; the area of a triangle in the form ½ab sin C]; Work with radian measure, including use for arc length and area of sector [part-AS]
uk:UK_ALEVEL:5:992816	uk	UK_ALEVEL	12-13	E Trigonometry	E2: Understand and use the standard small angle approximations of sine, cosine and tangent: sin θ ≈ θ, cos θ ≈ 1 − θ²/2, tan θ ≈ θ where θ is in radians
uk:UK_ALEVEL:5:3b5ac9	uk	UK_ALEVEL	12-13	E Trigonometry	E3: [Understand and use the sine, cosine and tangent functions; their graphs, symmetries and periodicity]; Know and use exact values of sin and cos for 0, π/6, π/4, π/3, π/2, π and multiples thereof, and exact values of tan for 0, π/6, π/4, π/3, π and multiples thereof [part-AS]
uk:UK_ALEVEL:5:9a9fa7	uk	UK_ALEVEL	12-13	E Trigonometry	E4: Understand and use the definitions of secant, cosecant and cotangent and of arcsin, arccos and arctan; their relationships to sine, cosine and tangent; understanding of their graphs; their ranges and domains
uk:UK_ALEVEL:5:2a5396	uk	UK_ALEVEL	12-13	E Trigonometry	E5: [Understand and use tan θ = sin θ / cos θ]; [Understand and use sin²θ + cos²θ = 1]; sec²θ = 1 + tan²θ and cosec²θ = 1 + cot²θ [part-AS]
uk:UK_ALEVEL:5:d17741	uk	UK_ALEVEL	12-13	E Trigonometry	E6: Understand and use double angle formulae; use of formulae for sin(A ± B), cos(A ± B) and tan(A ± B); understand geometrical proofs of these formulae; Understand and use expressions for a cos θ + b sin θ in the equivalent forms of r cos(θ ± α) or r sin(θ ± α)
uk:UK_ALEVEL:5:c64714	uk	UK_ALEVEL	12-13	E Trigonometry	E7: [Solve simple trigonometric equations in a given interval, including quadratic equations in sin, cos and tan and equations involving multiples of the unknown angle] [AS]
uk:UK_ALEVEL:5:361cbb	uk	UK_ALEVEL	12-13	E Trigonometry	E8: Construct proofs involving trigonometric functions and identities
uk:UK_ALEVEL:5:762d3b	uk	UK_ALEVEL	12-13	E Trigonometry	E9: Use trigonometric functions to solve problems in context, including problems involving vectors, kinematics and forces
uk:UK_ALEVEL:6:799d3e	uk	UK_ALEVEL	12-13	F Exponentials and logarithms	F1: [Know and use the function aˣ and its graph, where a is positive]; [Know and use the function eˣ and its graph] [AS]
uk:UK_ALEVEL:6:4be933	uk	UK_ALEVEL	12-13	F Exponentials and logarithms	F2: [Know that the gradient of eᵏˣ is equal to keᵏˣ and hence understand why the exponential model is suitable in many applications] [AS]
uk:UK_ALEVEL:6:416333	uk	UK_ALEVEL	12-13	F Exponentials and logarithms	F3: [Know and use the definition of logₐ x as the inverse of aˣ, where a is positive and x ≥ 0]; [Know and use the function ln x and its graph]; [Know and use ln x as the inverse function of eˣ] [AS]
uk:UK_ALEVEL:6:c32ca2	uk	UK_ALEVEL	12-13	F Exponentials and logarithms	F4: [Understand and use the laws of logarithms: logₐ x + logₐ y = logₐ(xy); logₐ x − logₐ y = logₐ(x/y); k logₐ x = logₐ xᵏ (including, for example, k = −1 and k = −½)] [AS]
uk:UK_ALEVEL:6:c97d0a	uk	UK_ALEVEL	12-13	F Exponentials and logarithms	F5: [Solve equations of the form aˣ = b] [AS]
uk:UK_ALEVEL:6:4368f1	uk	UK_ALEVEL	12-13	F Exponentials and logarithms	F6: [Use logarithmic graphs to estimate parameters in relationships of the form y = axⁿ and y = kbˣ, given data for x and y] [AS]
uk:UK_ALEVEL:6:c97ffa	uk	UK_ALEVEL	12-13	F Exponentials and logarithms	F7: [Understand and use exponential growth and decay; use in modelling (examples may include the use of e in continuous compound interest, radioactive decay, drug concentration decay, exponential growth as a model for population growth); consideration of limitations and refinements of exponential models] [AS]
uk:UK_ALEVEL:7:4d7b6b	uk	UK_ALEVEL	12-13	G Differentiation	G1: [Understand and use the derivative of f(x) as the gradient of the tangent to the graph of y = f(x) at a general point (x, y); the gradient of the tangent as a limit; interpretation as a rate of change; sketching the gradient function for a given curve; second derivatives; differentiation from first principles for small positive integer powers of x] and for sin x and cos x; [Understand and use the second derivative as the rate of change of gradient]; connection to convex and concave sections of curves and points of inflection [part-AS]
uk:UK_ALEVEL:7:9d6e11	uk	UK_ALEVEL	12-13	G Differentiation	G2: [Differentiate xⁿ, for rational values of n, and related constant multiples, sums and differences]; Differentiate eᵏˣ and aᵏˣ, sin kx, cos kx, tan kx and related sums, differences and constant multiples; Understand and use the derivative of ln x [part-AS]
uk:UK_ALEVEL:7:c81bb7	uk	UK_ALEVEL	12-13	G Differentiation	G3: [Apply differentiation to find gradients, tangents and normals, maxima and minima and stationary points], points of inflection; [Identify where functions are increasing or decreasing] [part-AS]
uk:UK_ALEVEL:7:4cce1e	uk	UK_ALEVEL	12-13	G Differentiation	G4: Differentiate using the product rule, the quotient rule and the chain rule, including problems involving connected rates of change and inverse functions
uk:UK_ALEVEL:7:cf3176	uk	UK_ALEVEL	12-13	G Differentiation	G5: Differentiate simple functions and relations defined implicitly or parametrically, for first derivative only
uk:UK_ALEVEL:7:afdf9c	uk	UK_ALEVEL	12-13	G Differentiation	G6: Construct simple differential equations in pure mathematics and in context, (contexts may include kinematics, population growth and modelling the relationship between price and demand)
uk:UK_ALEVEL:8:83cc74	uk	UK_ALEVEL	12-13	H Integration	H1: [Know and use the Fundamental Theorem of Calculus] [AS]
uk:UK_ALEVEL:8:6b059d	uk	UK_ALEVEL	12-13	H Integration	H2: [Integrate xⁿ (excluding n = -1), and related sums, differences and constant multiples]; Integrate eᵏˣ, 1/x, sin kx, cos kx and related sums, differences and constant multiples [part-AS]
uk:UK_ALEVEL:8:7323f4	uk	UK_ALEVEL	12-13	H Integration	H3: [Evaluate definite integrals; use a definite integral to find the area under a curve] and the area between two curves [part-AS]
uk:UK_ALEVEL:8:6afbf6	uk	UK_ALEVEL	12-13	H Integration	H4: Understand and use integration as the limit of a sum
uk:UK_ALEVEL:8:981717	uk	UK_ALEVEL	12-13	H Integration	H5: Carry out simple cases of integration by substitution and integration by parts; understand these methods as the inverse processes of the chain and product rules respectively; (Integration by substitution includes finding a suitable substitution and is limited to cases where one substitution will lead to a function which can be integrated; integration by parts includes more than one application of the method but excludes reduction formulae)
uk:UK_ALEVEL:8:8d407b	uk	UK_ALEVEL	12-13	H Integration	H6: Integrate using partial fractions that are linear in the denominator
uk:UK_ALEVEL:8:b4a808	uk	UK_ALEVEL	12-13	H Integration	H7: Evaluate the analytical solution of simple first order differential equations with separable variables, including finding particular solutions; (Separation of variables may require factorisation involving a common factor)
uk:UK_ALEVEL:8:b8157d	uk	UK_ALEVEL	12-13	H Integration	H8: Interpret the solution of a differential equation in the context of solving a problem, including identifying limitations of the solution; includes links to kinematics
uk:UK_ALEVEL:9:fabcc6	uk	UK_ALEVEL	12-13	I Numerical methods	I1: Locate roots of f(x) = 0 by considering changes of sign of f(x) in an interval of x on which f(x) is sufficiently well-behaved; Understand how change of sign methods can fail
uk:UK_ALEVEL:9:3c8a8d	uk	UK_ALEVEL	12-13	I Numerical methods	I2: Solve equations approximately using simple iterative methods; be able to draw associated cobweb and staircase diagrams; Solve equations using the Newton-Raphson method and other recurrence relations of the form xₙ₊₁ = g(xₙ); Understand how such methods can fail
uk:UK_ALEVEL:9:88b18f	uk	UK_ALEVEL	12-13	I Numerical methods	I3: Understand and use numerical integration of functions, including the use of the trapezium rule and estimating the approximate area under a curve and limits that it must lie between
uk:UK_ALEVEL:9:d17e85	uk	UK_ALEVEL	12-13	I Numerical methods	I4: Use numerical methods to solve problems in context
uk:UK_ALEVEL:10:cd9e6c	uk	UK_ALEVEL	12-13	J Vectors	J1: [Use vectors in two dimensions] and in three dimensions [part-AS]
uk:UK_ALEVEL:10:8bbf48	uk	UK_ALEVEL	12-13	J Vectors	J2: [Calculate the magnitude and direction of a vector and convert between component form and magnitude/direction form] [AS]
uk:UK_ALEVEL:10:fe5559	uk	UK_ALEVEL	12-13	J Vectors	J3: [Add vectors diagrammatically and perform the algebraic operations of vector addition and multiplication by scalars, and understand their geometrical interpretations] [AS]
uk:UK_ALEVEL:10:fbbdda	uk	UK_ALEVEL	12-13	J Vectors	J4: [Understand and use position vectors; calculate the distance between two points represented by position vectors] [AS]
uk:UK_ALEVEL:10:c8168e	uk	UK_ALEVEL	12-13	J Vectors	J5: [Use vectors to solve problems in pure mathematics and in context, including forces] and kinematics [part-AS]
uk:UK_ALEVEL:11:288b1b	uk	UK_ALEVEL	12-13	K Statistical sampling	K1: [Understand and use the terms ‘population’ and ‘sample’]; [Use samples to make informal inferences about the population]; [Understand and use sampling techniques, including simple random sampling and opportunity sampling]; [Select or critique sampling techniques in the context of solving a statistical problem, including understanding that different samples can lead to different conclusions about the population] [AS]
uk:UK_ALEVEL:12:babc6c	uk	UK_ALEVEL	12-13	L Data presentation and interpretation	L1: [Interpret diagrams for single-variable data, including understanding that area in a histogram represents frequency]; [Connect to probability distributions] [AS]
uk:UK_ALEVEL:12:2176a8	uk	UK_ALEVEL	12-13	L Data presentation and interpretation	L2: [Interpret scatter diagrams and regression lines for bivariate data, including recognition of scatter diagrams which include distinct sections of the population (calculations involving regression lines are excluded)]; [Understand informal interpretation of correlation]; [Understand that correlation does not imply causation] [AS]
uk:UK_ALEVEL:12:df35ed	uk	UK_ALEVEL	12-13	L Data presentation and interpretation	L3: [Interpret measures of central tendency and variation, extending to standard deviation]; [Be able to calculate standard deviation, including from summary statistics] [AS]
uk:UK_ALEVEL:12:5bf1b0	uk	UK_ALEVEL	12-13	L Data presentation and interpretation	L4: [Recognise and interpret possible outliers in data sets and statistical diagrams]; [Select or critique data presentation techniques in the context of a statistical problem]; [Be able to clean data, including dealing with missing data, errors and outliers] [AS]
uk:UK_ALEVEL:13:707f7f	uk	UK_ALEVEL	12-13	M Probability	M1: [Understand and use mutually exclusive and independent events when calculating probabilities]; [Link to discrete and continuous distributions] [AS]
uk:UK_ALEVEL:13:7bab31	uk	UK_ALEVEL	12-13	M Probability	M2: Understand and use conditional probability, including the use of tree diagrams, Venn diagrams, two-way tables; Understand and use the conditional probability formula P(A|B) = P(A ∩ B) / P(B)
uk:UK_ALEVEL:13:bd54b4	uk	UK_ALEVEL	12-13	M Probability	M3: Modelling with probability, including critiquing assumptions made and the likely effect of more realistic assumptions
uk:UK_ALEVEL:14:72f064	uk	UK_ALEVEL	12-13	N Statistical distributions	N1: [Understand and use simple, discrete probability distributions (calculation of mean and variance of discrete random variables is excluded), including the binomial distribution, as a model; calculate probabilities using the binomial distribution] [AS]
uk:UK_ALEVEL:14:226395	uk	UK_ALEVEL	12-13	N Statistical distributions	N2: Understand and use the Normal distribution as a model; find probabilities using the Normal distribution; Link to histograms, mean, standard deviation, points of inflection and the binomial distribution
uk:UK_ALEVEL:14:f22279	uk	UK_ALEVEL	12-13	N Statistical distributions	N3: Select an appropriate probability distribution for a context, with appropriate reasoning, including recognising when the binomial or Normal model may not be appropriate
uk:UK_ALEVEL:15:44a4e6	uk	UK_ALEVEL	12-13	O Statistical hypothesis testing	O1: [Understand and apply the language of statistical hypothesis testing, developed through a binomial model: null hypothesis, alternative hypothesis, significance level, test statistic, 1-tail test, 2-tail test, critical value, critical region, acceptance region, p-value]; extend to correlation coefficients as measures of how close data points lie to a straight line and be able to interpret a given correlation coefficient using a given p-value or critical value (calculation of correlation coefficients is excluded) [part-AS]
uk:UK_ALEVEL:15:bfb36d	uk	UK_ALEVEL	12-13	O Statistical hypothesis testing	O2: [Conduct a statistical hypothesis test for the proportion in the binomial distribution and interpret the results in context]; [Understand that a sample is being used to make an inference about the population and appreciate that the significance level is the probability of incorrectly rejecting the null hypothesis] [AS]
uk:UK_ALEVEL:15:b42c66	uk	UK_ALEVEL	12-13	O Statistical hypothesis testing	O3: Conduct a statistical hypothesis test for the mean of a Normal distribution with known, given or assumed variance and interpret the results in context
uk:UK_ALEVEL:16:2d44ea	uk	UK_ALEVEL	12-13	P Quantities and units in mechanics	P1: [Understand and use fundamental quantities and units in the S.I. system: length, time, mass]; [Understand and use derived quantities and units: velocity, acceleration, force, weight], moment [part-AS]
uk:UK_ALEVEL:17:312fd2	uk	UK_ALEVEL	12-13	Q Kinematics	Q1: [Understand and use the language of kinematics: position; displacement; distance travelled; velocity; speed; acceleration] [AS]
uk:UK_ALEVEL:17:832e52	uk	UK_ALEVEL	12-13	Q Kinematics	Q2: [Understand, use and interpret graphs in kinematics for motion in a straight line: displacement against time and interpretation of gradient; velocity against time and interpretation of gradient and area under the graph] [AS]
uk:UK_ALEVEL:17:7fea17	uk	UK_ALEVEL	12-13	Q Kinematics	Q3: [Understand, use and derive the formulae for constant acceleration for motion in a straight line]; extend to 2 dimensions using vectors [part-AS]
uk:UK_ALEVEL:17:8a5264	uk	UK_ALEVEL	12-13	Q Kinematics	Q4: [Use calculus in kinematics for motion in a straight line: v = dr/dt, a = dv/dt = d²r/dt², r = ∫ v dt, v = ∫ a dt]; extend to 2 dimensions using vectors [part-AS]
uk:UK_ALEVEL:17:ec9c08	uk	UK_ALEVEL	12-13	Q Kinematics	Q5: Model motion under gravity in a vertical plane using vectors; projectiles
uk:UK_ALEVEL:18:b1884e	uk	UK_ALEVEL	12-13	R Forces and Newton’s laws	R1: [Understand the concept of a force; understand and use Newton’s first law] [AS]
uk:UK_ALEVEL:18:db3961	uk	UK_ALEVEL	12-13	R Forces and Newton’s laws	R2: [Understand and use Newton’s second law for motion in a straight line (restricted to forces in two perpendicular directions or simple cases of forces given as 2-D vectors)]; extend to situations where forces need to be resolved (restricted to 2 dimensions) [part-AS]
uk:UK_ALEVEL:18:d65f71	uk	UK_ALEVEL	12-13	R Forces and Newton’s laws	R3: [Understand and use weight and motion in a straight line under gravity; gravitational acceleration, g, and its value in S.I. units to varying degrees of accuracy]; [(The inverse square law for gravitation is not required and g may be assumed to be constant, but students should be aware that g is not a universal constant but depends on location)] [AS]
uk:UK_ALEVEL:18:a543d4	uk	UK_ALEVEL	12-13	R Forces and Newton’s laws	R4: [Understand and use Newton’s third law; equilibrium of forces on a particle and motion in a straight line (restricted to forces in two perpendicular directions or simple cases of forces given as 2-D vectors); application to problems involving smooth pulleys and connected particles]; resolving forces in 2 dimensions; equilibrium of a particle under coplanar forces [part-AS]
uk:UK_ALEVEL:18:01098c	uk	UK_ALEVEL	12-13	R Forces and Newton’s laws	R5: Understand and use addition of forces; resultant forces; dynamics for motion in a plane
uk:UK_ALEVEL:18:c01f1f	uk	UK_ALEVEL	12-13	R Forces and Newton’s laws	R6: Understand and use the F ≤ μR model for friction; coefficient of friction; motion of a body on a rough surface; limiting friction and statics
uk:UK_ALEVEL:19:15d2b1	uk	UK_ALEVEL	12-13	S Moments	S1: Understand and use moments in simple static contexts
uk:UK_FURTHER:1:853942	uk	UK_FURTHER	12-13	A Proof	A1: Construct proofs using mathematical induction; contexts include sums of series, divisibility, and powers of matrices
uk:UK_FURTHER:2:03b28a	uk	UK_FURTHER	12-13	B Complex numbers	B1: [Solve any quadratic equation with real coefficients; solve cubic or quartic equations with real coefficients (given sufficient information to deduce at least one root for cubics or at least one complex root or quadratic factor for quartics)] [AS]
uk:UK_FURTHER:2:3f0fe7	uk	UK_FURTHER	12-13	B Complex numbers	B2: [Add, subtract, multiply and divide complex numbers in the form x + iy with x and y real; understand and use the terms ‘real part’ and ‘imaginary part’] [AS]
uk:UK_FURTHER:2:f804e8	uk	UK_FURTHER	12-13	B Complex numbers	B3: [Understand and use the complex conjugate; know that non-real roots of polynomial equations with real coefficients occur in conjugate pairs] [AS]
uk:UK_FURTHER:2:74df15	uk	UK_FURTHER	12-13	B Complex numbers	B4: [Use and interpret Argand diagrams] [AS]
uk:UK_FURTHER:2:928dc2	uk	UK_FURTHER	12-13	B Complex numbers	B5: [Convert between the Cartesian form and the modulus-argument form of a complex number (knowledge of radians is assumed)] [AS]
uk:UK_FURTHER:2:c360b0	uk	UK_FURTHER	12-13	B Complex numbers	B6: [Multiply and divide complex numbers in modulus-argument form (knowledge of radians and compound angle formulae is assumed)] [AS]
uk:UK_FURTHER:2:527b7e	uk	UK_FURTHER	12-13	B Complex numbers	B7: [Construct and interpret simple loci in the Argand diagram such as |z − a| > r and arg(z − a) = θ (knowledge of radians is assumed)] [AS]
uk:UK_FURTHER:2:5fec57	uk	UK_FURTHER	12-13	B Complex numbers	B8: Understand de Moivre’s theorem and use it to find multiple angle formulae and sums of series
uk:UK_FURTHER:2:12e6fe	uk	UK_FURTHER	12-13	B Complex numbers	B9: Know and use the definition e^(iθ) = cos θ + i sin θ and the form z = re^(iθ)
uk:UK_FURTHER:2:aaf355	uk	UK_FURTHER	12-13	B Complex numbers	B10: Find the n distinct nth roots of re^(iθ) for r ≠ 0 and know that they form the vertices of a regular n-gon in the Argand diagram
uk:UK_FURTHER:2:259387	uk	UK_FURTHER	12-13	B Complex numbers	B11: Use complex roots of unity to solve geometric problems
uk:UK_FURTHER:3:95ef4d	uk	UK_FURTHER	12-13	C Matrices	C1: [Add, subtract and multiply conformable matrices; multiply a matrix by a scalar] [AS]
uk:UK_FURTHER:3:350435	uk	UK_FURTHER	12-13	C Matrices	C2: [Understand and use zero and identity matrices] [AS]
uk:UK_FURTHER:3:c1a50f	uk	UK_FURTHER	12-13	C Matrices	C3: [Use matrices to represent linear transformations in 2-D; successive transformations; single transformations in 3-D (3-D transformations confined to reflection in one of x = 0, y = 0, z = 0 or rotation about one of the coordinate axes) (knowledge of 3-D vectors is assumed)] [AS]
uk:UK_FURTHER:3:ec4e2a	uk	UK_FURTHER	12-13	C Matrices	C4: [Find invariant points and lines for a linear transformation] [AS]
uk:UK_FURTHER:3:16593a	uk	UK_FURTHER	12-13	C Matrices	C5: [Calculate determinants of 2 x 2] and 3 x 3 matrices and interpret as scale factors, including the effect on orientation [part-AS]
uk:UK_FURTHER:3:d433a7	uk	UK_FURTHER	12-13	C Matrices	C6: [Understand and use singular and non-singular matrices; properties of inverse matrices]; [Calculate and use the inverse of non-singular 2 x 2 matrices] and 3 x 3 matrices [part-AS]
uk:UK_FURTHER:3:b75258	uk	UK_FURTHER	12-13	C Matrices	C7: Solve three linear simultaneous equations in three variables by use of the inverse matrix
uk:UK_FURTHER:3:7b5022	uk	UK_FURTHER	12-13	C Matrices	C8: Interpret geometrically the solution and failure of solution of three simultaneous linear equations
uk:UK_FURTHER:4:91043c	uk	UK_FURTHER	12-13	D Further algebra and functions	D1: [Understand and use the relationship between roots and coefficients of polynomial equations up to quartic equations] [AS]
uk:UK_FURTHER:4:6433e4	uk	UK_FURTHER	12-13	D Further algebra and functions	D2: [Form a polynomial equation whose roots are a linear transformation of the roots of a given polynomial equation (of at least cubic degree)] [AS]
uk:UK_FURTHER:4:2cc78a	uk	UK_FURTHER	12-13	D Further algebra and functions	D3: Understand and use formulae for the sums of integers, squares and cubes and use these to sum other series
uk:UK_FURTHER:4:03c13f	uk	UK_FURTHER	12-13	D Further algebra and functions	D4: Understand and use the method of differences for summation of series including use of partial fractions
uk:UK_FURTHER:4:b8353c	uk	UK_FURTHER	12-13	D Further algebra and functions	D5: Find the Maclaurin series of a function including the general term
uk:UK_FURTHER:4:800956	uk	UK_FURTHER	12-13	D Further algebra and functions	D6: Recognise and use the Maclaurin series for eˣ, ln(1 + x), sin x, cos x and (1 + x)ⁿ, and be aware of the range of values of x for which they are valid (proof not required)
uk:UK_FURTHER:5:21a710	uk	UK_FURTHER	12-13	E Further calculus	E1: Evaluate improper integrals where either the integrand is undefined at a value in the range of integration or the range of integration extends to infinity
uk:UK_FURTHER:5:ea2ff8	uk	UK_FURTHER	12-13	E Further calculus	E2: Derive formulae for and calculate volumes of revolution
uk:UK_FURTHER:5:0f1bc8	uk	UK_FURTHER	12-13	E Further calculus	E3: Understand and evaluate the mean value of a function
uk:UK_FURTHER:5:b73074	uk	UK_FURTHER	12-13	E Further calculus	E4: Integrate using partial fractions (extend to quadratic factors ax² + c in the denominator)
uk:UK_FURTHER:5:62b356	uk	UK_FURTHER	12-13	E Further calculus	E5: Differentiate inverse trigonometric functions
uk:UK_FURTHER:5:5e8e76	uk	UK_FURTHER	12-13	E Further calculus	E6: Integrate functions of the form (a² − x²)^(−1/2) and (a² + x²)^(−1) and be able to choose trigonometric substitutions to integrate associated functions
uk:UK_FURTHER:6:9a3303	uk	UK_FURTHER	12-13	F Further vectors	F1: Understand and use the vector and Cartesian forms of an equation of a straight line in 3D
uk:UK_FURTHER:6:b7953a	uk	UK_FURTHER	12-13	F Further vectors	F2: Understand and use the vector and Cartesian forms of the equation of a plane
uk:UK_FURTHER:6:94e647	uk	UK_FURTHER	12-13	F Further vectors	F3: Calculate the scalar product and use it to express the equation of a plane, and to calculate the angle between two lines, the angle between two planes and the angle between a line and a plane
uk:UK_FURTHER:6:1c4596	uk	UK_FURTHER	12-13	F Further vectors	F4: Check whether vectors are perpendicular by using the scalar product
uk:UK_FURTHER:6:820f51	uk	UK_FURTHER	12-13	F Further vectors	F5: Find the intersection of a line and a plane; Calculate the perpendicular distance between two lines, from a point to a line and from a point to a plane
uk:UK_FURTHER:7:54c18d	uk	UK_FURTHER	12-13	G Polar coordinates	G1: Understand and use polar coordinates and be able to convert between polar and cartesian coordinates
uk:UK_FURTHER:7:d0751d	uk	UK_FURTHER	12-13	G Polar coordinates	G2: Sketch curves with r given as a function of θ, including use of trigonometric functions
uk:UK_FURTHER:7:b6765f	uk	UK_FURTHER	12-13	G Polar coordinates	G3: Find the area enclosed by a polar curve
uk:UK_FURTHER:8:33b01a	uk	UK_FURTHER	12-13	H Hyperbolic functions	H1: Understand the definitions of hyperbolic functions sinh x, cosh x and tanh x, including their domains and ranges, and be able to sketch their graphs
uk:UK_FURTHER:8:92075a	uk	UK_FURTHER	12-13	H Hyperbolic functions	H2: Differentiate and integrate hyperbolic functions
uk:UK_FURTHER:8:1fb9a0	uk	UK_FURTHER	12-13	H Hyperbolic functions	H3: Understand and be able to use the definitions of the inverse hyperbolic functions and their domains and ranges
uk:UK_FURTHER:8:cd743a	uk	UK_FURTHER	12-13	H Hyperbolic functions	H4: Derive and use the logarithmic forms of the inverse hyperbolic functions
uk:UK_FURTHER:8:154855	uk	UK_FURTHER	12-13	H Hyperbolic functions	H5: Integrate functions of the form (x² + a²)^(−1/2) and (x² − a²)^(−1/2) and be able to choose substitutions to integrate associated functions
uk:UK_FURTHER:9:efb468	uk	UK_FURTHER	12-13	I Differential equations	I1: Find and use an integrating factor to solve differential equations of form dy/dx + P(x)y = Q(x) and recognise when it is appropriate to do so
uk:UK_FURTHER:9:a8a53d	uk	UK_FURTHER	12-13	I Differential equations	I2: Find both general and particular solutions to differential equations
uk:UK_FURTHER:9:7ebd42	uk	UK_FURTHER	12-13	I Differential equations	I3: Use differential equations in modelling in kinematics and in other contexts
uk:UK_FURTHER:9:2ad474	uk	UK_FURTHER	12-13	I Differential equations	I4: Solve differential equations of form y″ + ay′ + by = 0 where a and b are constants by using the auxiliary equation
uk:UK_FURTHER:9:375ea9	uk	UK_FURTHER	12-13	I Differential equations	I5: Solve differential equations of form y″ + ay′ + by = f(x) where a and b are constants by solving the homogeneous case and adding a particular integral to the complementary function (in cases where f(x) is a polynomial, exponential or trigonometric function)
uk:UK_FURTHER:9:7b925b	uk	UK_FURTHER	12-13	I Differential equations	I6: Understand and use the relationship between the cases when the discriminant of the auxiliary equation is positive, zero and negative and the form of solution of the differential equation
uk:UK_FURTHER:9:fd5300	uk	UK_FURTHER	12-13	I Differential equations	I7: Solve the equation for simple harmonic motion ẍ = −ω²x and relate the solution to the motion
uk:UK_FURTHER:9:745709	uk	UK_FURTHER	12-13	I Differential equations	I8: Model damped oscillations using 2nd order differential equations and interpret their solutions
uk:UK_FURTHER:9:e53446	uk	UK_FURTHER	12-13	I Differential equations	I9: Analyse and interpret models of situations with one independent variable and two dependent variables as a pair of coupled 1st order simultaneous equations and be able to solve them, for example predator-prey models
uk:UK_GCSE:1:b3e14f	uk	UK_GCSE	10-11	Number	N1 (Structure and calculation): order positive and negative integers, decimals and fractions; use the symbols =, ≠, <, >, ≤, ≥
uk:UK_GCSE:1:fed0ed	uk	UK_GCSE	10-11	Number	N2 (Structure and calculation): apply the four operations, including formal written methods, to integers, decimals and simple fractions (proper and improper), and mixed numbers – all both positive and negative; understand and use place value (e.g. when working with very large or very small numbers, and when calculating with decimals)
uk:UK_GCSE:1:f9da28	uk	UK_GCSE	10-11	Number	N3 (Structure and calculation): recognise and use relationships between operations, including inverse operations (e.g. cancellation to simplify calculations and expressions; use conventional notation for priority of operations, including brackets, powers, roots and reciprocals
uk:UK_GCSE:1:29db9b	uk	UK_GCSE	10-11	Number	N4 (Structure and calculation): use the concepts and vocabulary of prime numbers, factors (divisors), multiples, common factors, common multiples, highest common factor, lowest common multiple, prime factorisation, including using product notation and the unique factorisation theorem
uk:UK_GCSE:1:ecddd0	uk	UK_GCSE	10-11	Number	N5 (Structure and calculation): apply systematic listing strategies {including use of the product rule for counting} [part-higher]
uk:UK_GCSE:1:33b33a	uk	UK_GCSE	10-11	Number	N6 (Structure and calculation): use positive integer powers and associated real roots (square, cube and higher), recognise powers of 2, 3, 4, 5; {estimate powers and roots of any given positive number} [part-higher]
uk:UK_GCSE:1:ee59ed	uk	UK_GCSE	10-11	Number	N7 (Structure and calculation): calculate with roots, and with integer {and fractional} indices [part-higher]
uk:UK_GCSE:1:63d386	uk	UK_GCSE	10-11	Number	N8 (Structure and calculation): calculate exactly with fractions, {surds} and multiples of π; {simplify surd expressions involving squares (e.g. √12 = √(4 × 3) = √4 × √3 = 2√3) and rationalise denominators} [part-higher]
uk:UK_GCSE:1:717616	uk	UK_GCSE	10-11	Number	N9 (Structure and calculation): calculate with and interpret standard form A x 10ⁿ, where 1 ≤ A < 10 and n is an integer.
uk:UK_GCSE:1:6ce608	uk	UK_GCSE	10-11	Number	N10 (Fractions, decimals and percentages): work interchangeably with terminating decimals and their corresponding fractions (such as 3.5 and 7/2 or 0.375 or 3/8); {change recurring decimals into their corresponding fractions and vice versa} [part-higher]
uk:UK_GCSE:1:c5f176	uk	UK_GCSE	10-11	Number	N11 (Fractions, decimals and percentages): identify and work with fractions in ratio problems
uk:UK_GCSE:1:d47bf3	uk	UK_GCSE	10-11	Number	N12 (Fractions, decimals and percentages): interpret fractions and percentages as operators.
uk:UK_GCSE:1:e0e571	uk	UK_GCSE	10-11	Number	N13 (Measures and accuracy): use standard units of mass, length, time, money and other measures (including standard compound measures) using decimal quantities where appropriate
uk:UK_GCSE:1:aeb68a	uk	UK_GCSE	10-11	Number	N14 (Measures and accuracy): estimate answers; check calculations using approximation and estimation, including answers obtained using technology
uk:UK_GCSE:1:9a0f3e	uk	UK_GCSE	10-11	Number	N15 (Measures and accuracy): round numbers and measures to an appropriate degree of accuracy (e.g. to a specified number of decimal places or significant figures); use inequality notation to specify simple error intervals due to truncation or rounding
uk:UK_GCSE:1:1d4d33	uk	UK_GCSE	10-11	Number	N16 (Measures and accuracy): apply and interpret limits of accuracy, {including upper and lower bounds} [part-higher]
uk:UK_GCSE:2:9f46d8	uk	UK_GCSE	10-11	Algebra	A1 (Notation, vocabulary and manipulation): use and interpret algebraic notation, including: ab in place of a × b; 3y in place of y + y + y and 3 × y; a² in place of a × a, a³ in place of a × a × a, a²b in place of a × a × b; a/b in place of a ÷ b; coefficients written as fractions rather than as decimals; brackets
uk:UK_GCSE:2:74223f	uk	UK_GCSE	10-11	Algebra	A2 (Notation, vocabulary and manipulation): substitute numerical values into formulae and expressions, including scientific formulae
uk:UK_GCSE:2:956957	uk	UK_GCSE	10-11	Algebra	A3 (Notation, vocabulary and manipulation): understand and use the concepts and vocabulary of expressions, equations, formulae, identities inequalities, terms and factors
uk:UK_GCSE:2:f24fd4	uk	UK_GCSE	10-11	Algebra	A4 (Notation, vocabulary and manipulation): simplify and manipulate algebraic expressions (including those involving surds {and algebraic fractions}) by: collecting like terms; multiplying a single term over a bracket; taking out common factors; expanding products of two {or more} binomials; factorising quadratic expressions of the form x² + bx + c, including the difference of two squares; {factorising quadratic expressions of the form ax² + bx + c}; simplifying expressions involving sums, products and powers, including the laws of indices [part-higher]
uk:UK_GCSE:2:a58b8f	uk	UK_GCSE	10-11	Algebra	A5 (Notation, vocabulary and manipulation): understand and use standard mathematical formulae; rearrange formulae to change the subject
uk:UK_GCSE:2:5aac15	uk	UK_GCSE	10-11	Algebra	A6 (Notation, vocabulary and manipulation): know the difference between an equation and an identity; argue mathematically to show algebraic expressions are equivalent, and use algebra to support and construct arguments {and proofs} [part-higher]
uk:UK_GCSE:2:a9f835	uk	UK_GCSE	10-11	Algebra	A7 (Notation, vocabulary and manipulation): where appropriate, interpret simple expressions as functions with inputs and outputs; {interpret the reverse process as the ‘inverse function’; interpret the succession of two functions as a ‘composite function’}. [part-higher]
uk:UK_GCSE:2:981838	uk	UK_GCSE	10-11	Algebra	A8 (Graphs): work with coordinates in all four quadrants
uk:UK_GCSE:2:9d2f31	uk	UK_GCSE	10-11	Algebra	A9 (Graphs): plot graphs of equations that correspond to straight-line graphs in the coordinate plane; use the form y = mx + c to identify parallel {and perpendicular lines}; find the equation of the line through two given points, or through one point with a given gradient [part-higher]
uk:UK_GCSE:2:58b121	uk	UK_GCSE	10-11	Algebra	A10 (Graphs): identify and interpret gradients and intercepts of linear functions graphically and algebraically
uk:UK_GCSE:2:e5e224	uk	UK_GCSE	10-11	Algebra	A11 (Graphs): identify and interpret roots, intercepts, turning points of quadratic functions graphically; deduce roots algebraically {and turning points by completing the square} [part-higher]
uk:UK_GCSE:2:41f74d	uk	UK_GCSE	10-11	Algebra	A12 (Graphs): recognise, sketch and interpret graphs of linear functions, quadratic functions, simple cubic functions, the reciprocal function y = 1/x with x ≠ 0, {exponential functions y = kˣ for positive values of k, and the trigonometric functions (with arguments in degrees) y = sin x, y = cos x and y = tan x for angles of any size} [part-higher]
uk:UK_GCSE:2:932ec5	uk	UK_GCSE	10-11	Algebra	A13 (Graphs): sketch translations and reflections of a given function [higher]
uk:UK_GCSE:2:22bb82	uk	UK_GCSE	10-11	Algebra	A14 (Graphs): plot and interpret graphs (including reciprocal graphs {and exponential graphs}) and graphs of non-standard functions in real contexts, to find approximate solutions to problems such as simple kinematic problems involving distance, speed and acceleration [part-higher]
uk:UK_GCSE:2:431f69	uk	UK_GCSE	10-11	Algebra	A15 (Graphs): calculate or estimate gradients of graphs and areas under graphs (including quadratic and other non-linear graphs), and interpret results in cases such as distance-time graphs, velocity-time graphs and graphs in financial contexts [higher]
uk:UK_GCSE:2:21bdea	uk	UK_GCSE	10-11	Algebra	A16 (Graphs): recognise and use the equation of a circle with centre at the origin; find the equation of a tangent to a circle at a given point. [higher]
uk:UK_GCSE:2:475858	uk	UK_GCSE	10-11	Algebra	A17 (Solving equations and inequalities): solve linear equations in one unknown algebraically (including those with the unknown on both sides of the equation); find approximate solutions using a graph
uk:UK_GCSE:2:68a80e	uk	UK_GCSE	10-11	Algebra	A18 (Solving equations and inequalities): solve quadratic equations {(including those that require rearrangement)} algebraically by factorising, {by completing the square and by using the quadratic formula}; find approximate solutions using a graph [part-higher]
uk:UK_GCSE:2:f60c32	uk	UK_GCSE	10-11	Algebra	A19 (Solving equations and inequalities): solve two simultaneous equations in two variables (linear/linear {or linear/quadratic}) algebraically; find approximate solutions using a graph [part-higher]
uk:UK_GCSE:2:cb6120	uk	UK_GCSE	10-11	Algebra	A20 (Solving equations and inequalities): find approximate solutions to equations numerically using iteration [higher]
uk:UK_GCSE:2:f1fcd3	uk	UK_GCSE	10-11	Algebra	A21 (Solving equations and inequalities): translate simple situations or procedures into algebraic expressions or formulae; derive an equation (or two simultaneous equations), solve the equation(s) and interpret the solution.
uk:UK_GCSE:2:bece1a	uk	UK_GCSE	10-11	Algebra	A22 (Solving equations and inequalities): solve linear inequalities in one {or two} variable{(s), and quadratic inequalities in one variable}; represent the solution set on a number line, {using set notation and on a graph} [part-higher]
uk:UK_GCSE:2:4d423f	uk	UK_GCSE	10-11	Algebra	A23 (Sequences): generate terms of a sequence from either a term-to-term or a position-to-term rule
uk:UK_GCSE:2:fdc83a	uk	UK_GCSE	10-11	Algebra	A24 (Sequences): recognise and use sequences of triangular, square and cube numbers, simple arithmetic progressions, Fibonacci type sequences, quadratic sequences, and simple geometric progressions (rⁿ where n is an integer, and r is a rational number > 0 {or a surd}) {and other sequences} [part-higher]
uk:UK_GCSE:2:fc273f	uk	UK_GCSE	10-11	Algebra	A25 (Sequences): deduce expressions to calculate the nth term of linear {and quadratic} sequences. [part-higher]
uk:UK_GCSE:3:b13273	uk	UK_GCSE	10-11	Ratio, proportion and rates of change	R1: change freely between related standard units (e.g. time, length, area, volume/capacity, mass) and compound units (e.g. speed, rates of pay, prices, density, pressure) in numerical and algebraic contexts
uk:UK_GCSE:3:8dc247	uk	UK_GCSE	10-11	Ratio, proportion and rates of change	R2: use scale factors, scale diagrams and maps
uk:UK_GCSE:3:af2c1e	uk	UK_GCSE	10-11	Ratio, proportion and rates of change	R3: express one quantity as a fraction of another, where the fraction is less than 1 or greater than 1
uk:UK_GCSE:3:44e954	uk	UK_GCSE	10-11	Ratio, proportion and rates of change	R4: use ratio notation, including reduction to simplest form
uk:UK_GCSE:3:cbdfed	uk	UK_GCSE	10-11	Ratio, proportion and rates of change	R5: divide a given quantity into two parts in a given part:part or part:whole ratio; express the division of a quantity into two parts as a ratio; apply ratio to real contexts and problems (such as those involving conversion, comparison, scaling, mixing, concentrations)
uk:UK_GCSE:3:c4c85e	uk	UK_GCSE	10-11	Ratio, proportion and rates of change	R6: express a multiplicative relationship between two quantities as a ratio or a fraction
uk:UK_GCSE:3:c70a2a	uk	UK_GCSE	10-11	Ratio, proportion and rates of change	R7: understand and use proportion as equality of ratios
uk:UK_GCSE:3:0b3268	uk	UK_GCSE	10-11	Ratio, proportion and rates of change	R8: relate ratios to fractions and to linear functions
uk:UK_GCSE:3:831f97	uk	UK_GCSE	10-11	Ratio, proportion and rates of change	R9: define percentage as ‘number of parts per hundred’; interpret percentages and percentage changes as a fraction or a decimal, and interpret these multiplicatively; express one quantity as a percentage of another; compare two quantities using percentages; work with percentages greater than 100%; solve problems involving percentage change, including percentage increase/decrease and original value problems, and simple interest including in financial mathematics
uk:UK_GCSE:3:19dd21	uk	UK_GCSE	10-11	Ratio, proportion and rates of change	R10: solve problems involving direct and inverse proportion, including graphical and algebraic representations
uk:UK_GCSE:3:5a62aa	uk	UK_GCSE	10-11	Ratio, proportion and rates of change	R11: use compound units such as speed, rates of pay, unit pricing, density and pressure
uk:UK_GCSE:3:46f548	uk	UK_GCSE	10-11	Ratio, proportion and rates of change	R12: compare lengths, areas and volumes using ratio notation; make links to similarity (including trigonometric ratios) and scale factors
uk:UK_GCSE:3:6d4bf5	uk	UK_GCSE	10-11	Ratio, proportion and rates of change	R13: understand that X is inversely proportional to Y is equivalent to X is proportional to 1/Y; {construct and} interpret equations that describe direct and inverse proportion [part-higher]
uk:UK_GCSE:3:6f2357	uk	UK_GCSE	10-11	Ratio, proportion and rates of change	R14: interpret the gradient of a straight line graph as a rate of change; recognise and interpret graphs that illustrate direct and inverse proportion
uk:UK_GCSE:3:cb9cb6	uk	UK_GCSE	10-11	Ratio, proportion and rates of change	R15: interpret the gradient at a point on a curve as the instantaneous rate of change; apply the concepts of average and instantaneous rate of change (gradients of chords and tangents) in numerical, algebraic and graphical contexts [higher]
uk:UK_GCSE:3:2df8ec	uk	UK_GCSE	10-11	Ratio, proportion and rates of change	R16: set up, solve and interpret the answers in growth and decay problems, including compound interest {and work with general iterative processes}. [part-higher]
uk:UK_GCSE:4:dc7993	uk	UK_GCSE	10-11	Geometry and measures	G1 (Properties and constructions): use conventional terms and notations: points, lines, vertices, edges, planes, parallel lines, perpendicular lines, right angles, polygons, regular polygons and polygons with reflection and/or rotation symmetries; use the standard conventions for labelling and referring to the sides and angles of triangles; draw diagrams from written description
uk:UK_GCSE:4:c16a6c	uk	UK_GCSE	10-11	Geometry and measures	G2 (Properties and constructions): use the standard ruler and compass constructions (perpendicular bisector of a line segment, constructing a perpendicular to a given line from/at a given point, bisecting a given angle); use these to construct given figures and solve loci problems; know that the perpendicular distance from a point to a line is the shortest distance to the line
uk:UK_GCSE:4:4565f7	uk	UK_GCSE	10-11	Geometry and measures	G3 (Properties and constructions): apply the properties of angles at a point, angles at a point on a straight line, vertically opposite angles; understand and use alternate and corresponding angles on parallel lines; derive and use the sum of angles in a triangle (e.g. to deduce and use the angle sum in any polygon, and to derive properties of regular polygons)
uk:UK_GCSE:4:72e4df	uk	UK_GCSE	10-11	Geometry and measures	G4 (Properties and constructions): derive and apply the properties and definitions of: special types of quadrilaterals, including square, rectangle, parallelogram, trapezium, kite and rhombus; and triangles and other plane figures using appropriate language
uk:UK_GCSE:4:c61023	uk	UK_GCSE	10-11	Geometry and measures	G5 (Properties and constructions): use the basic congruence criteria for triangles (SSS, SAS, ASA, RHS)
uk:UK_GCSE:4:0e19eb	uk	UK_GCSE	10-11	Geometry and measures	G6 (Properties and constructions): apply angle facts, triangle congruence, similarity and properties of quadrilaterals to conjecture and derive results about angles and sides, including Pythagoras’ Theorem and the fact that the base angles of an isosceles triangle are equal, and use known results to obtain simple proofs
uk:UK_GCSE:4:6c1b56	uk	UK_GCSE	10-11	Geometry and measures	G7 (Properties and constructions): identify, describe and construct congruent and similar shapes, including on coordinate axes, by considering rotation, reflection, translation and enlargement (including fractional {and negative} scale factors) [part-higher]
uk:UK_GCSE:4:c696b6	uk	UK_GCSE	10-11	Geometry and measures	G8 (Properties and constructions): describe the changes and invariance achieved by combinations of rotations, reflections and translations [higher]
uk:UK_GCSE:4:30d1bb	uk	UK_GCSE	10-11	Geometry and measures	G9 (Properties and constructions): identify and apply circle definitions and properties, including: centre, radius, chord, diameter, circumference, tangent, arc, sector and segment
uk:UK_GCSE:4:e3862a	uk	UK_GCSE	10-11	Geometry and measures	G10 (Properties and constructions): apply and prove the standard circle theorems concerning angles, radii, tangents and chords, and use them to prove related results [higher]
uk:UK_GCSE:4:d1bb3e	uk	UK_GCSE	10-11	Geometry and measures	G11 (Properties and constructions): solve geometrical problems on coordinate axes
uk:UK_GCSE:4:7d23e8	uk	UK_GCSE	10-11	Geometry and measures	G12 (Properties and constructions): identify properties of the faces, surfaces, edges and vertices of: cubes, cuboids, prisms, cylinders, pyramids, cones and spheres
uk:UK_GCSE:4:8afccc	uk	UK_GCSE	10-11	Geometry and measures	G13 (Properties and constructions): construct and interpret plans and elevations of 3D shapes.
uk:UK_GCSE:4:6abd57	uk	UK_GCSE	10-11	Geometry and measures	G14 (Mensuration and calculation): use standard units of measure and related concepts (length, area, volume/capacity, mass, time, money, etc.)
uk:UK_GCSE:4:6702c3	uk	UK_GCSE	10-11	Geometry and measures	G15 (Mensuration and calculation): measure line segments and angles in geometric figures, including interpreting maps and scale drawings and use of bearings
uk:UK_GCSE:4:2c83bb	uk	UK_GCSE	10-11	Geometry and measures	G16 (Mensuration and calculation): know and apply formulae to calculate: area of triangles, parallelograms, trapezia; volume of cuboids and other right prisms (including cylinders)
uk:UK_GCSE:4:742aee	uk	UK_GCSE	10-11	Geometry and measures	G17 (Mensuration and calculation): know the formulae: circumference of a circle = 2πr = πd, area of a circle = πr²; calculate: perimeters of 2D shapes, including circles; areas of circles and composite shapes; surface area and volume of spheres, pyramids, cones and composite solids
uk:UK_GCSE:4:b3d423	uk	UK_GCSE	10-11	Geometry and measures	G18 (Mensuration and calculation): calculate arc lengths, angles and areas of sectors of circles
uk:UK_GCSE:4:6dc798	uk	UK_GCSE	10-11	Geometry and measures	G19 (Mensuration and calculation): apply the concepts of congruence and similarity, including the relationships between lengths, {areas and volumes} in similar figures [part-higher]
uk:UK_GCSE:4:7bc7f4	uk	UK_GCSE	10-11	Geometry and measures	G20 (Mensuration and calculation): know the formulae for: Pythagoras’ theorem, a² + b² = c², and the trigonometric ratios, sinθ = opposite/hypotenuse, cosθ = adjacent/hypotenuse and tanθ = opposite/adjacent; apply them to find angles and lengths in right-angled triangles {and, where possible, general triangles} in two {and three} dimensional figures [part-higher]
uk:UK_GCSE:4:984f60	uk	UK_GCSE	10-11	Geometry and measures	G21 (Mensuration and calculation): know the exact values of sinθ and cosθ for θ = 0°, 30°, 45°, 60° and 90°; know the exact value of tanθ for θ = 0°, 30°, 45° and 60°
uk:UK_GCSE:4:935dc6	uk	UK_GCSE	10-11	Geometry and measures	G22 (Mensuration and calculation): know and apply the sine rule, a/sin A = b/sin B = c/sin C, and cosine rule, a² = b² + c² − 2bc cos A, to find unknown lengths and angles [higher]
uk:UK_GCSE:4:163e70	uk	UK_GCSE	10-11	Geometry and measures	G23 (Mensuration and calculation): know and apply Area = 1/2 ab sin C to calculate the area, sides or angles of any triangle. [higher]
uk:UK_GCSE:4:083e3f	uk	UK_GCSE	10-11	Geometry and measures	G24 (Vectors): describe translations as 2D vectors
uk:UK_GCSE:4:8f3067	uk	UK_GCSE	10-11	Geometry and measures	G25 (Vectors): apply addition and subtraction of vectors, multiplication of vectors by a scalar, and diagrammatic and column representations of vectors; {use vectors to construct geometric arguments and proofs} [part-higher]
uk:UK_GCSE:5:74fc4a	uk	UK_GCSE	10-11	Probability	P1: record describe and analyse the frequency of outcomes of probability experiments using tables and frequency trees
uk:UK_GCSE:5:8809d0	uk	UK_GCSE	10-11	Probability	P2: apply ideas of randomness, fairness and equally likely events to calculate expected outcomes of multiple future experiments
uk:UK_GCSE:5:319555	uk	UK_GCSE	10-11	Probability	P3: relate relative expected frequencies to theoretical probability, using appropriate language and the 0 - 1 probability scale
uk:UK_GCSE:5:154ffb	uk	UK_GCSE	10-11	Probability	P4: apply the property that the probabilities of an exhaustive set of outcomes sum to one; apply the property that the probabilities of an exhaustive set of mutually exclusive events sum to one
uk:UK_GCSE:5:44a7fe	uk	UK_GCSE	10-11	Probability	P5: understand that empirical unbiased samples tend towards theoretical probability distributions, with increasing sample size
uk:UK_GCSE:5:805f32	uk	UK_GCSE	10-11	Probability	P6: enumerate sets and combinations of sets systematically, using tables, grids, Venn diagrams and tree diagrams
uk:UK_GCSE:5:418675	uk	UK_GCSE	10-11	Probability	P7: construct theoretical possibility spaces for single and combined experiments with equally likely outcomes and use these to calculate theoretical probabilities
uk:UK_GCSE:5:1fe507	uk	UK_GCSE	10-11	Probability	P8: calculate the probability of independent and dependent combined events, including using tree diagrams and other representations, and know the underlying assumptions
uk:UK_GCSE:5:6c6b9c	uk	UK_GCSE	10-11	Probability	P9: calculate and interpret conditional probabilities through representation using expected frequencies with two-way tables, tree diagrams and Venn diagrams. [higher]
uk:UK_GCSE:6:89d177	uk	UK_GCSE	10-11	Statistics	S1: infer properties of populations or distributions from a sample, whilst knowing the limitations of sampling
uk:UK_GCSE:6:e459f0	uk	UK_GCSE	10-11	Statistics	S2: interpret and construct tables, charts and diagrams, including frequency tables, bar charts, pie charts and pictograms for categorical data, vertical line charts for ungrouped discrete numerical data, tables and line graphs for time series data and know their appropriate use
uk:UK_GCSE:6:fbf9df	uk	UK_GCSE	10-11	Statistics	S3: construct and interpret diagrams for grouped discrete data and continuous data, i.e. histograms with equal and unequal class intervals and cumulative frequency graphs, and know their appropriate use [higher]
uk:UK_GCSE:6:fe647e	uk	UK_GCSE	10-11	Statistics	S4: interpret, analyse and compare the distributions of data sets from univariate empirical distributions through: appropriate graphical representation involving discrete, continuous and grouped data, {including box plots}; appropriate measures of central tendency (median, mean, mode and modal class) and spread (range, including consideration of outliers, {quartiles and inter-quartile range}) [part-higher]
uk:UK_GCSE:6:42a1a3	uk	UK_GCSE	10-11	Statistics	S5: apply statistics to describe a population
uk:UK_GCSE:6:0d580b	uk	UK_GCSE	10-11	Statistics	S6: use and interpret scatter graphs of bivariate data; recognise correlation and know that it does not indicate causation; draw estimated lines of best fit; make predictions; interpolate and extrapolate apparent trends whilst knowing the dangers of so doing
uk:UK_KS3:1:e9bd68	uk	UK_KS3	7-9	Number	understand and use place value for decimals, measures and integers of any size
uk:UK_KS3:1:ab747f	uk	UK_KS3	7-9	Number	order positive and negative integers, decimals and fractions; use the number line as a model for ordering of the real numbers; use the symbols =, ≠, <, >, ≤, ≥
uk:UK_KS3:1:8e2aa6	uk	UK_KS3	7-9	Number	use the concepts and vocabulary of prime numbers, factors (or divisors), multiples, common factors, common multiples, highest common factor, lowest common multiple, prime factorisation, including using product notation and the unique factorisation property
uk:UK_KS3:1:607fa0	uk	UK_KS3	7-9	Number	use the four operations, including formal written methods, applied to integers, decimals, proper and improper fractions, and mixed numbers, all both positive and negative
uk:UK_KS3:1:c3e0b9	uk	UK_KS3	7-9	Number	use conventional notation for the priority of operations, including brackets, powers, roots and reciprocals
uk:UK_KS3:1:dbc8e4	uk	UK_KS3	7-9	Number	recognise and use relationships between operations including inverse operations
uk:UK_KS3:1:76270f	uk	UK_KS3	7-9	Number	use integer powers and associated real roots (square, cube and higher), recognise powers of 2, 3, 4, 5 and distinguish between exact representations of roots and their decimal approximations
uk:UK_KS3:1:8a298c	uk	UK_KS3	7-9	Number	interpret and compare numbers in standard form A x 10ⁿ 1≤A<10, where n is a positive or negative integer or zero
uk:UK_KS3:1:37bae5	uk	UK_KS3	7-9	Number	work interchangeably with terminating decimals and their corresponding fractions (such as 3.5 and 7/2 or 0.375 and 3/8)
uk:UK_KS3:1:e5392b	uk	UK_KS3	7-9	Number	define percentage as ‘number of parts per hundred’, interpret percentages and percentage changes as a fraction or a decimal, interpret these multiplicatively, express one quantity as a percentage of another, compare two quantities using percentages, and work with percentages greater than 100%
uk:UK_KS3:1:aeae59	uk	UK_KS3	7-9	Number	interpret fractions and percentages as operators
uk:UK_KS3:1:092521	uk	UK_KS3	7-9	Number	use standard units of mass, length, time, money and other measures, including with decimal quantities
uk:UK_KS3:1:da123c	uk	UK_KS3	7-9	Number	round numbers and measures to an appropriate degree of accuracy [for example, to a number of decimal places or significant figures]
uk:UK_KS3:1:51dc70	uk	UK_KS3	7-9	Number	use approximation through rounding to estimate answers and calculate possible resulting errors expressed using inequality notation a<x≤b
uk:UK_KS3:1:302c10	uk	UK_KS3	7-9	Number	use a calculator and other technologies to calculate results accurately and then interpret them appropriately
uk:UK_KS3:1:c09dd4	uk	UK_KS3	7-9	Number	appreciate the infinite nature of the sets of integers, real and rational numbers.
uk:UK_KS3:2:9e06c0	uk	UK_KS3	7-9	Algebra	use and interpret algebraic notation, including: ab in place of a × b; 3y in place of y + y + y and 3 × y; a² in place of a × a, a³ in place of a × a × a; a²b in place of a × a × b; a/b in place of a ÷ b; coefficients written as fractions rather than as decimals; brackets
uk:UK_KS3:2:418336	uk	UK_KS3	7-9	Algebra	substitute numerical values into formulae and expressions, including scientific formulae
uk:UK_KS3:2:83e8ed	uk	UK_KS3	7-9	Algebra	understand and use the concepts and vocabulary of expressions, equations, inequalities, terms and factors
uk:UK_KS3:2:739859	uk	UK_KS3	7-9	Algebra	simplify and manipulate algebraic expressions to maintain equivalence by: collecting like terms; multiplying a single term over a bracket; taking out common factors; expanding products of two or more binomials
uk:UK_KS3:2:91ef0f	uk	UK_KS3	7-9	Algebra	understand and use standard mathematical formulae; rearrange formulae to change the subject
uk:UK_KS3:2:3040b3	uk	UK_KS3	7-9	Algebra	model situations or procedures by translating them into algebraic expressions or formulae and by using graphs
uk:UK_KS3:2:071288	uk	UK_KS3	7-9	Algebra	use algebraic methods to solve linear equations in one variable (including all forms that require rearrangement)
uk:UK_KS3:2:ba4d2a	uk	UK_KS3	7-9	Algebra	work with coordinates in all four quadrants
uk:UK_KS3:2:77018b	uk	UK_KS3	7-9	Algebra	recognise, sketch and produce graphs of linear and quadratic functions of one variable with appropriate scaling, using equations in x and y and the Cartesian plane
uk:UK_KS3:2:1cf13a	uk	UK_KS3	7-9	Algebra	interpret mathematical relationships both algebraically and graphically
uk:UK_KS3:2:2920cb	uk	UK_KS3	7-9	Algebra	reduce a given linear equation in two variables to the standard form y = mx + c; calculate and interpret gradients and intercepts of graphs of such linear equations numerically, graphically and algebraically
uk:UK_KS3:2:df31ed	uk	UK_KS3	7-9	Algebra	use linear and quadratic graphs to estimate values of y for given values of x and vice versa and to find approximate solutions of simultaneous linear equations
uk:UK_KS3:2:41bda6	uk	UK_KS3	7-9	Algebra	find approximate solutions to contextual problems from given graphs of a variety of functions, including piece-wise linear, exponential and reciprocal graphs
uk:UK_KS3:2:21b498	uk	UK_KS3	7-9	Algebra	generate terms of a sequence from either a term-to-term or a position-to-term rule
uk:UK_KS3:2:7a37d6	uk	UK_KS3	7-9	Algebra	recognise arithmetic sequences and find the nth term
uk:UK_KS3:2:709d20	uk	UK_KS3	7-9	Algebra	recognise geometric sequences and appreciate other sequences that arise.
uk:UK_KS3:3:0dd2c7	uk	UK_KS3	7-9	Ratio, proportion and rates of change	change freely between related standard units [for example time, length, area, volume/capacity, mass]
uk:UK_KS3:3:a8d40c	uk	UK_KS3	7-9	Ratio, proportion and rates of change	use scale factors, scale diagrams and maps
uk:UK_KS3:3:812338	uk	UK_KS3	7-9	Ratio, proportion and rates of change	express one quantity as a fraction of another, where the fraction is less than 1 and greater than 1
uk:UK_KS3:3:226b33	uk	UK_KS3	7-9	Ratio, proportion and rates of change	use ratio notation, including reduction to simplest form
uk:UK_KS3:3:1e3c23	uk	UK_KS3	7-9	Ratio, proportion and rates of change	divide a given quantity into two parts in a given part:part or part:whole ratio; express the division of a quantity into two parts as a ratio
uk:UK_KS3:3:11d1d6	uk	UK_KS3	7-9	Ratio, proportion and rates of change	understand that a multiplicative relationship between two quantities can be expressed as a ratio or a fraction
uk:UK_KS3:3:cac0a3	uk	UK_KS3	7-9	Ratio, proportion and rates of change	relate the language of ratios and the associated calculations to the arithmetic of fractions and to linear functions
uk:UK_KS3:3:ebdce8	uk	UK_KS3	7-9	Ratio, proportion and rates of change	solve problems involving percentage change, including: percentage increase, decrease and original value problems and simple interest in financial mathematics
uk:UK_KS3:3:6072c7	uk	UK_KS3	7-9	Ratio, proportion and rates of change	solve problems involving direct and inverse proportion, including graphical and algebraic representations
uk:UK_KS3:3:b9823d	uk	UK_KS3	7-9	Ratio, proportion and rates of change	use compound units such as speed, unit pricing and density to solve problems.
uk:UK_KS3:4:150c1c	uk	UK_KS3	7-9	Geometry and measures	derive and apply formulae to calculate and solve problems involving: perimeter and area of triangles, parallelograms, trapezia, volume of cuboids (including cubes) and other prisms (including cylinders)
uk:UK_KS3:4:0911a3	uk	UK_KS3	7-9	Geometry and measures	calculate and solve problems involving: perimeters of 2-D shapes (including circles), areas of circles and composite shapes
uk:UK_KS3:4:cefa19	uk	UK_KS3	7-9	Geometry and measures	draw and measure line segments and angles in geometric figures, including interpreting scale drawings
uk:UK_KS3:4:51dcb4	uk	UK_KS3	7-9	Geometry and measures	derive and use the standard ruler and compass constructions (perpendicular bisector of a line segment, constructing a perpendicular to a given line from/at a given point, bisecting a given angle); recognise and use the perpendicular distance from a point to a line as the shortest distance to the line
uk:UK_KS3:4:efd864	uk	UK_KS3	7-9	Geometry and measures	describe, sketch and draw using conventional terms and notations: points, lines, parallel lines, perpendicular lines, right angles, regular polygons, and other polygons that are reflectively and rotationally symmetric
uk:UK_KS3:4:599148	uk	UK_KS3	7-9	Geometry and measures	use the standard conventions for labelling the sides and angles of triangle ABC, and know and use the criteria for congruence of triangles
uk:UK_KS3:4:69b813	uk	UK_KS3	7-9	Geometry and measures	derive and illustrate properties of triangles, quadrilaterals, circles, and other plane figures [for example, equal lengths and angles] using appropriate language and technologies
uk:UK_KS3:4:a72eb7	uk	UK_KS3	7-9	Geometry and measures	identify properties of, and describe the results of, translations, rotations and reflections applied to given figures
uk:UK_KS3:4:9e3082	uk	UK_KS3	7-9	Geometry and measures	identify and construct congruent triangles, and construct similar shapes by enlargement, with and without coordinate grids
uk:UK_KS3:4:580d7f	uk	UK_KS3	7-9	Geometry and measures	apply the properties of angles at a point, angles at a point on a straight line, vertically opposite angles
uk:UK_KS3:4:15ab06	uk	UK_KS3	7-9	Geometry and measures	understand and use the relationship between parallel lines and alternate and corresponding angles
uk:UK_KS3:4:9c070d	uk	UK_KS3	7-9	Geometry and measures	derive and use the sum of angles in a triangle and use it to deduce the angle sum in any polygon, and to derive properties of regular polygons
uk:UK_KS3:4:1a33c3	uk	UK_KS3	7-9	Geometry and measures	apply angle facts, triangle congruence, similarity and properties of quadrilaterals to derive results about angles and sides, including Pythagoras’ Theorem, and use known results to obtain simple proofs
uk:UK_KS3:4:36ffe6	uk	UK_KS3	7-9	Geometry and measures	use Pythagoras’ Theorem and trigonometric ratios in similar triangles to solve problems involving right-angled triangles
uk:UK_KS3:4:28c7f1	uk	UK_KS3	7-9	Geometry and measures	use the properties of faces, surfaces, edges and vertices of cubes, cuboids, prisms, cylinders, pyramids, cones and spheres to solve problems in 3-D
uk:UK_KS3:4:f8435e	uk	UK_KS3	7-9	Geometry and measures	interpret mathematical relationships both algebraically and geometrically.
uk:UK_KS3:5:da125c	uk	UK_KS3	7-9	Probability	record, describe and analyse the frequency of outcomes of simple probability experiments involving randomness, fairness, equally and unequally likely outcomes, using appropriate language and the 0-1 probability scale
uk:UK_KS3:5:1b7d62	uk	UK_KS3	7-9	Probability	understand that the probabilities of all possible outcomes sum to 1
uk:UK_KS3:5:85ab90	uk	UK_KS3	7-9	Probability	enumerate sets and unions/intersections of sets systematically, using tables, grids and Venn diagrams
uk:UK_KS3:5:8fea75	uk	UK_KS3	7-9	Probability	generate theoretical sample spaces for single and combined events with equally likely, mutually exclusive outcomes and use these to calculate theoretical probabilities.
uk:UK_KS3:6:fc10b5	uk	UK_KS3	7-9	Statistics	describe, interpret and compare observed distributions of a single variable through: appropriate graphical representation involving discrete, continuous and grouped data; and appropriate measures of central tendency (mean, mode, median) and spread (range, consideration of outliers)
uk:UK_KS3:6:3e554f	uk	UK_KS3	7-9	Statistics	construct and interpret appropriate tables, charts, and diagrams, including frequency tables, bar charts, pie charts, and pictograms for categorical data, and vertical line (or bar) charts for ungrouped and grouped numerical data
uk:UK_KS3:6:606fd7	uk	UK_KS3	7-9	Statistics	describe simple mathematical relationships between two variables (bivariate data) in observational and experimental contexts and illustrate using scatter graphs.
uk:UK_KS4:1:baf3be	uk	UK_KS4	10-11	Number	apply systematic listing strategies, {including use of the product rule for counting}
uk:UK_KS4:1:0bb3d1	uk	UK_KS4	10-11	Number	{estimate powers and roots of any given positive number} [higher]
uk:UK_KS4:1:ac99a7	uk	UK_KS4	10-11	Number	calculate with roots, and with integer {and fractional} indices
uk:UK_KS4:1:01328f	uk	UK_KS4	10-11	Number	calculate exactly with fractions, {surds} and multiples of π; {simplify surd expressions involving squares [for example √12 = √(4×3) = √4 × √3 = 2√3] and rationalise denominators}
uk:UK_KS4:1:d20de2	uk	UK_KS4	10-11	Number	calculate with numbers in standard form A × 10ⁿ, where 1 ≤ A < 10 and n is an integer
uk:UK_KS4:1:c27e4d	uk	UK_KS4	10-11	Number	{change recurring decimals into their corresponding fractions and vice versa} [higher]
uk:UK_KS4:1:fb04fe	uk	UK_KS4	10-11	Number	identify and work with fractions in ratio problems
uk:UK_KS4:1:b63526	uk	UK_KS4	10-11	Number	apply and interpret limits of accuracy when rounding or truncating, {including upper and lower bounds}.
uk:UK_KS4:2:599b64	uk	UK_KS4	10-11	Algebra	simplify and manipulate algebraic expressions (including those involving surds {and algebraic fractions}) by: factorising quadratic expressions of the form x² + bx + c, including the difference of two squares; {factorising quadratic expressions of the form ax² + bx + c}; simplifying expressions involving sums, products and powers, including the laws of indices
uk:UK_KS4:2:fe10dd	uk	UK_KS4	10-11	Algebra	know the difference between an equation and an identity; argue mathematically to show algebraic expressions are equivalent, and use algebra to support and construct arguments {and proofs}
uk:UK_KS4:2:14ce29	uk	UK_KS4	10-11	Algebra	where appropriate, interpret simple expressions as functions with inputs and outputs; {interpret the reverse process as the ‘inverse function’; interpret the succession of two functions as a ‘composite function’}
uk:UK_KS4:2:99adb1	uk	UK_KS4	10-11	Algebra	use the form y = mx + c to identify parallel {and perpendicular} lines; find the equation of the line through two given points, or through one point with a given gradient
uk:UK_KS4:2:79ce15	uk	UK_KS4	10-11	Algebra	identify and interpret roots, intercepts and turning points of quadratic functions graphically; deduce roots algebraically {and turning points by completing the square}
uk:UK_KS4:2:134d39	uk	UK_KS4	10-11	Algebra	recognise, sketch and interpret graphs of linear functions, quadratic functions, simple cubic functions, the reciprocal function y = 1/x with x ≠ 0, {the exponential function y = kˣ for positive values of k, and the trigonometric functions (with arguments in degrees) y = sin x, y = cos x and y = tan x for angles of any size}
uk:UK_KS4:2:c553fa	uk	UK_KS4	10-11	Algebra	{sketch translations and reflections of the graph of a given function} [higher]
uk:UK_KS4:2:1f9155	uk	UK_KS4	10-11	Algebra	plot and interpret graphs (including reciprocal graphs {and exponential graphs}) and graphs of non-standard functions in real contexts, to find approximate solutions to problems such as simple kinematic problems involving distance, speed and acceleration
uk:UK_KS4:2:785269	uk	UK_KS4	10-11	Algebra	{calculate or estimate gradients of graphs and areas under graphs (including quadratic and other non-linear graphs), and interpret results in cases such as distance-time graphs, velocity-time graphs and graphs in financial contexts} [higher]
uk:UK_KS4:2:5ab519	uk	UK_KS4	10-11	Algebra	{recognise and use the equation of a circle with centre at the origin; find the equation of a tangent to a circle at a given point} [higher]
uk:UK_KS4:2:0d2b45	uk	UK_KS4	10-11	Algebra	solve quadratic equations {including those that require rearrangement} algebraically by factorising, {by completing the square and by using the quadratic formula}; find approximate solutions using a graph
uk:UK_KS4:2:71f8e1	uk	UK_KS4	10-11	Algebra	solve two simultaneous equations in two variables (linear/linear {or linear/quadratic}) algebraically; find approximate solutions using a graph
uk:UK_KS4:2:02c8f0	uk	UK_KS4	10-11	Algebra	{find approximate solutions to equations numerically using iteration} [higher]
uk:UK_KS4:2:438664	uk	UK_KS4	10-11	Algebra	translate simple situations or procedures into algebraic expressions or formulae; derive an equation (or two simultaneous equations), solve the equation(s) and interpret the solution
uk:UK_KS4:2:9c5c8f	uk	UK_KS4	10-11	Algebra	solve linear inequalities in one {or two} variable{s}, {and quadratic inequalities in one variable}; represent the solution set on a number line, {using set notation and on a graph}
uk:UK_KS4:2:1fc0b2	uk	UK_KS4	10-11	Algebra	recognise and use sequences of triangular, square and cube numbers, simple arithmetic progressions, Fibonacci type sequences, quadratic sequences, and simple geometric progressions (rⁿ where n is an integer, and r is a positive rational number {or a surd}) {and other sequences}
uk:UK_KS4:2:74a795	uk	UK_KS4	10-11	Algebra	deduce expressions to calculate the nth term of linear {and quadratic} sequences.
uk:UK_KS4:3:4a9aff	uk	UK_KS4	10-11	Ratio, proportion and rates of change	compare lengths, areas and volumes using ratio notation and/or scale factors; make links to similarity (including trigonometric ratios)
uk:UK_KS4:3:40581c	uk	UK_KS4	10-11	Ratio, proportion and rates of change	convert between related compound units (speed, rates of pay, prices, density, pressure) in numerical and algebraic contexts
uk:UK_KS4:3:7f503c	uk	UK_KS4	10-11	Ratio, proportion and rates of change	understand that X is inversely proportional to Y is equivalent to X is proportional to 1/Y; {construct and} interpret equations that describe direct and inverse proportion
uk:UK_KS4:3:0c1a22	uk	UK_KS4	10-11	Ratio, proportion and rates of change	interpret the gradient of a straight line graph as a rate of change; recognise and interpret graphs that illustrate direct and inverse proportion
uk:UK_KS4:3:0b3481	uk	UK_KS4	10-11	Ratio, proportion and rates of change	{interpret the gradient at a point on a curve as the instantaneous rate of change; apply the concepts of instantaneous and average rate of change (gradients of tangents and chords) in numerical, algebraic and graphical contexts} [higher]
uk:UK_KS4:3:87a952	uk	UK_KS4	10-11	Ratio, proportion and rates of change	set up, solve and interpret the answers in growth and decay problems, including compound interest {and work with general iterative processes}.
uk:UK_KS4:4:8b7bcc	uk	UK_KS4	10-11	Geometry and measures	interpret and use fractional {and negative} scale factors for enlargements
uk:UK_KS4:4:faf252	uk	UK_KS4	10-11	Geometry and measures	{describe the changes and invariance achieved by combinations of rotations, reflections and translations} [higher]
uk:UK_KS4:4:857532	uk	UK_KS4	10-11	Geometry and measures	identify and apply circle definitions and properties, including: centre, radius, chord, diameter, circumference, tangent, arc, sector and segment
uk:UK_KS4:4:759c4a	uk	UK_KS4	10-11	Geometry and measures	{apply and prove the standard circle theorems concerning angles, radii, tangents and chords, and use them to prove related results} [higher]
uk:UK_KS4:4:787bf4	uk	UK_KS4	10-11	Geometry and measures	construct and interpret plans and elevations of 3D shapes
uk:UK_KS4:4:9b405a	uk	UK_KS4	10-11	Geometry and measures	interpret and use bearings
uk:UK_KS4:4:57f2a6	uk	UK_KS4	10-11	Geometry and measures	calculate arc lengths, angles and areas of sectors of circles
uk:UK_KS4:4:2e38dc	uk	UK_KS4	10-11	Geometry and measures	calculate surface areas and volumes of spheres, pyramids, cones and composite solids
uk:UK_KS4:4:9608ac	uk	UK_KS4	10-11	Geometry and measures	apply the concepts of congruence and similarity, including the relationships between lengths, {areas and volumes} in similar figures
uk:UK_KS4:4:36091f	uk	UK_KS4	10-11	Geometry and measures	apply Pythagoras’ Theorem and trigonometric ratios to find angles and lengths in right-angled triangles {and, where possible, general triangles} in two {and three} dimensional figures
uk:UK_KS4:4:55ec34	uk	UK_KS4	10-11	Geometry and measures	know the exact values of sin θ and cos θ for θ = 0°, 30°, 45°, 60° and 90°; know the exact value of tan θ for θ = 0°, 30°, 45° and 60°
uk:UK_KS4:4:f119a3	uk	UK_KS4	10-11	Geometry and measures	{know and apply the sine rule, a/sin A = b/sin B = c/sin C, and cosine rule, a² = b² + c² − 2bc cos A, to find unknown lengths and angles} [higher]
uk:UK_KS4:4:d4c296	uk	UK_KS4	10-11	Geometry and measures	{know and apply Area = 1/2 ab sin C to calculate the area, sides or angles of any triangle} [higher]
uk:UK_KS4:4:e6ce21	uk	UK_KS4	10-11	Geometry and measures	describe translations as 2D vectors
uk:UK_KS4:4:980f64	uk	UK_KS4	10-11	Geometry and measures	apply addition and subtraction of vectors, multiplication of vectors by a scalar, and diagrammatic and column representations of vectors; {use vectors to construct geometric arguments and proofs}.
uk:UK_KS4:5:94561c	uk	UK_KS4	10-11	Probability	apply the property that the probabilities of an exhaustive set of mutually exclusive events sum to one
uk:UK_KS4:5:758d1d	uk	UK_KS4	10-11	Probability	use a probability model to predict the outcomes of future experiments; understand that empirical unbiased samples tend towards theoretical probability distributions, with increasing sample size
uk:UK_KS4:5:a7b907	uk	UK_KS4	10-11	Probability	calculate the probability of independent and dependent combined events, including using tree diagrams and other representations, and know the underlying assumptions
uk:UK_KS4:5:1cf14b	uk	UK_KS4	10-11	Probability	{calculate and interpret conditional probabilities through representation using expected frequencies with two-way tables, tree diagrams and Venn diagrams}. [higher]
uk:UK_KS4:6:1d1690	uk	UK_KS4	10-11	Statistics	infer properties of populations or distributions from a sample, whilst knowing the limitations of sampling
uk:UK_KS4:6:29fe4b	uk	UK_KS4	10-11	Statistics	interpret and construct tables and line graphs for time series data
uk:UK_KS4:6:7c31bc	uk	UK_KS4	10-11	Statistics	{construct and interpret diagrams for grouped discrete data and continuous data, i.e. histograms with equal and unequal class intervals and cumulative frequency graphs, and know their appropriate use} [higher]
uk:UK_KS4:6:aca3fc	uk	UK_KS4	10-11	Statistics	interpret, analyse and compare the distributions of data sets from univariate empirical distributions through: appropriate graphical representation involving discrete, continuous and grouped data, {including box plots}; appropriate measures of central tendency (including modal class) and spread {including quartiles and inter-quartile range}
uk:UK_KS4:6:e1dc1e	uk	UK_KS4	10-11	Statistics	apply statistics to describe a population
uk:UK_KS4:6:fbf336	uk	UK_KS4	10-11	Statistics	use and interpret scatter graphs of bivariate data; recognise correlation and know that it does not indicate causation; draw estimated lines of best fit; make predictions; interpolate and extrapolate apparent trends whilst knowing the dangers of so doing.
uk:UK_Y01:1:3d4887	uk	UK_Y01	1	Number – number and place value	count to and across 100, forwards and backwards, beginning with 0 or 1, or from any given number
uk:UK_Y01:1:8a50ff	uk	UK_Y01	1	Number – number and place value	count, read and write numbers to 100 in numerals; count in multiples of twos, fives and tens
uk:UK_Y01:1:4b4780	uk	UK_Y01	1	Number – number and place value	given a number, identify one more and one less
uk:UK_Y01:1:ade4a2	uk	UK_Y01	1	Number – number and place value	identify and represent numbers using objects and pictorial representations including the number line, and use the language of: equal to, more than, less than (fewer), most, least
uk:UK_Y01:1:10d9b2	uk	UK_Y01	1	Number – number and place value	read and write numbers from 1 to 20 in numerals and words.
uk:UK_Y01:2:08c56e	uk	UK_Y01	1	Number – addition and subtraction	read, write and interpret mathematical statements involving addition (+), subtraction (–) and equals (=) signs
uk:UK_Y01:2:674c24	uk	UK_Y01	1	Number – addition and subtraction	represent and use number bonds and related subtraction facts within 20
uk:UK_Y01:2:cfbcc6	uk	UK_Y01	1	Number – addition and subtraction	add and subtract one-digit and two-digit numbers to 20, including zero
uk:UK_Y01:2:691f20	uk	UK_Y01	1	Number – addition and subtraction	solve one-step problems that involve addition and subtraction, using concrete objects and pictorial representations, and missing number problems such as 7 = □ – 9.
uk:UK_Y01:3:bed8af	uk	UK_Y01	1	Number – multiplication and division	solve one-step problems involving multiplication and division, by calculating the answer using concrete objects, pictorial representations and arrays with the support of the teacher.
uk:UK_Y01:4:e02bb9	uk	UK_Y01	1	Number – fractions	recognise, find and name a half as one of two equal parts of an object, shape or quantity
uk:UK_Y01:4:3b87d5	uk	UK_Y01	1	Number – fractions	recognise, find and name a quarter as one of four equal parts of an object, shape or quantity.
uk:UK_Y01:5:6675b8	uk	UK_Y01	1	Measurement	compare, describe and solve practical problems for: lengths and heights [for example, long/short, longer/shorter, tall/short, double/half]; mass/weight [for example, heavy/light, heavier than, lighter than]; capacity and volume [for example, full/empty, more than, less than, half, half full, quarter]; time [for example, quicker, slower, earlier, later]
uk:UK_Y01:5:276342	uk	UK_Y01	1	Measurement	measure and begin to record the following: lengths and heights; mass/weight; capacity and volume; time (hours, minutes, seconds)
uk:UK_Y01:5:923c0c	uk	UK_Y01	1	Measurement	recognise and know the value of different denominations of coins and notes
uk:UK_Y01:5:29928d	uk	UK_Y01	1	Measurement	sequence events in chronological order using language [for example, before and after, next, first, today, yesterday, tomorrow, morning, afternoon and evening]
uk:UK_Y01:5:6767d5	uk	UK_Y01	1	Measurement	recognise and use language relating to dates, including days of the week, weeks, months and years
uk:UK_Y01:5:2deef6	uk	UK_Y01	1	Measurement	tell the time to the hour and half past the hour and draw the hands on a clock face to show these times.
uk:UK_Y01:6:1da14f	uk	UK_Y01	1	Geometry – properties of shapes	recognise and name common 2-D and 3-D shapes, including: 2-D shapes [for example, rectangles (including squares), circles and triangles]; 3-D shapes [for example, cuboids (including cubes), pyramids and spheres].
uk:UK_Y01:7:ed2aa4	uk	UK_Y01	1	Geometry – position and direction	describe position, direction and movement, including whole, half, quarter and three-quarter turns.
uk:UK_Y02:1:ef4cf9	uk	UK_Y02	2	Number – number and place value	count in steps of 2, 3, and 5 from 0, and in tens from any number, forward and backward
uk:UK_Y02:1:a61fdf	uk	UK_Y02	2	Number – number and place value	recognise the place value of each digit in a two-digit number (tens, ones)
uk:UK_Y02:1:e26be0	uk	UK_Y02	2	Number – number and place value	identify, represent and estimate numbers using different representations, including the number line
uk:UK_Y02:1:fd228e	uk	UK_Y02	2	Number – number and place value	compare and order numbers from 0 up to 100; use <, > and = signs
uk:UK_Y02:1:daf570	uk	UK_Y02	2	Number – number and place value	read and write numbers to at least 100 in numerals and in words
uk:UK_Y02:1:e183de	uk	UK_Y02	2	Number – number and place value	use place value and number facts to solve problems.
uk:UK_Y02:2:b0813f	uk	UK_Y02	2	Number – addition and subtraction	solve problems with addition and subtraction: using concrete objects and pictorial representations, including those involving numbers, quantities and measures; applying their increasing knowledge of mental and written methods
uk:UK_Y02:2:455236	uk	UK_Y02	2	Number – addition and subtraction	recall and use addition and subtraction facts to 20 fluently, and derive and use related facts up to 100
uk:UK_Y02:2:d7589f	uk	UK_Y02	2	Number – addition and subtraction	add and subtract numbers using concrete objects, pictorial representations, and mentally, including: a two-digit number and ones; a two-digit number and tens; two two-digit numbers; adding three one-digit numbers
uk:UK_Y02:2:185314	uk	UK_Y02	2	Number – addition and subtraction	show that addition of two numbers can be done in any order (commutative) and subtraction of one number from another cannot
uk:UK_Y02:2:dcbb06	uk	UK_Y02	2	Number – addition and subtraction	recognise and use the inverse relationship between addition and subtraction and use this to check calculations and solve missing number problems.
uk:UK_Y02:3:158e5c	uk	UK_Y02	2	Number – multiplication and division	recall and use multiplication and division facts for the 2, 5 and 10 multiplication tables, including recognising odd and even numbers
uk:UK_Y02:3:a9a3cf	uk	UK_Y02	2	Number – multiplication and division	calculate mathematical statements for multiplication and division within the multiplication tables and write them using the multiplication (×), division (÷) and equals (=) signs
uk:UK_Y02:3:bff5ee	uk	UK_Y02	2	Number – multiplication and division	show that multiplication of two numbers can be done in any order (commutative) and division of one number by another cannot
uk:UK_Y02:3:49620c	uk	UK_Y02	2	Number – multiplication and division	solve problems involving multiplication and division, using materials, arrays, repeated addition, mental methods, and multiplication and division facts, including problems in contexts.
uk:UK_Y02:4:659f97	uk	UK_Y02	2	Number – fractions	recognise, find, name and write fractions 1/3, 1/4, 2/4 and 3/4 of a length, shape, set of objects or quantity
uk:UK_Y02:4:57bf07	uk	UK_Y02	2	Number – fractions	write simple fractions for example, 1/2 of 6 = 3 and recognise the equivalence of 2/4 and 1/2.
uk:UK_Y02:5:5dac15	uk	UK_Y02	2	Measurement	choose and use appropriate standard units to estimate and measure length/height in any direction (m/cm); mass (kg/g); temperature (°C); capacity (litres/ml) to the nearest appropriate unit, using rulers, scales, thermometers and measuring vessels
uk:UK_Y02:5:4b37cc	uk	UK_Y02	2	Measurement	compare and order lengths, mass, volume/capacity and record the results using >, < and =
uk:UK_Y02:5:2f7bf8	uk	UK_Y02	2	Measurement	recognise and use symbols for pounds (£) and pence (p); combine amounts to make a particular value
uk:UK_Y02:5:d9f636	uk	UK_Y02	2	Measurement	find different combinations of coins that equal the same amounts of money
uk:UK_Y02:5:67eb9e	uk	UK_Y02	2	Measurement	solve simple problems in a practical context involving addition and subtraction of money of the same unit, including giving change
uk:UK_Y02:5:b83d41	uk	UK_Y02	2	Measurement	compare and sequence intervals of time
uk:UK_Y02:5:b012a0	uk	UK_Y02	2	Measurement	tell and write the time to five minutes, including quarter past/to the hour and draw the hands on a clock face to show these times
uk:UK_Y02:5:127364	uk	UK_Y02	2	Measurement	know the number of minutes in an hour and the number of hours in a day.
uk:UK_Y02:6:be529c	uk	UK_Y02	2	Geometry – properties of shapes	identify and describe the properties of 2-D shapes, including the number of sides and line symmetry in a vertical line
uk:UK_Y02:6:8e5244	uk	UK_Y02	2	Geometry – properties of shapes	identify and describe the properties of 3-D shapes, including the number of edges, vertices and faces
uk:UK_Y02:6:c6787e	uk	UK_Y02	2	Geometry – properties of shapes	identify 2-D shapes on the surface of 3-D shapes, [for example, a circle on a cylinder and a triangle on a pyramid]
uk:UK_Y02:6:48c1b5	uk	UK_Y02	2	Geometry – properties of shapes	compare and sort common 2-D and 3-D shapes and everyday objects.
uk:UK_Y02:7:7813d7	uk	UK_Y02	2	Geometry – position and direction	order and arrange combinations of mathematical objects in patterns and sequences
uk:UK_Y02:7:27746d	uk	UK_Y02	2	Geometry – position and direction	use mathematical vocabulary to describe position, direction and movement, including movement in a straight line and distinguishing between rotation as a turn and in terms of right angles for quarter, half and three-quarter turns (clockwise and anti-clockwise).
uk:UK_Y02:8:4a7d17	uk	UK_Y02	2	Statistics	interpret and construct simple pictograms, tally charts, block diagrams and simple tables
uk:UK_Y02:8:c86d19	uk	UK_Y02	2	Statistics	ask and answer simple questions by counting the number of objects in each category and sorting the categories by quantity
uk:UK_Y02:8:a40d12	uk	UK_Y02	2	Statistics	ask and answer questions about totalling and comparing categorical data.
uk:UK_Y03:1:cc49fe	uk	UK_Y03	3	Number – number and place value	count from 0 in multiples of 4, 8, 50 and 100; find 10 or 100 more or less than a given number
uk:UK_Y03:1:9549df	uk	UK_Y03	3	Number – number and place value	recognise the place value of each digit in a three-digit number (hundreds, tens, ones)
uk:UK_Y03:1:5ba92b	uk	UK_Y03	3	Number – number and place value	compare and order numbers up to 1000
uk:UK_Y03:1:2b4555	uk	UK_Y03	3	Number – number and place value	identify, represent and estimate numbers using different representations
uk:UK_Y03:1:6f41d4	uk	UK_Y03	3	Number – number and place value	read and write numbers up to 1000 in numerals and in words
uk:UK_Y03:1:fcce80	uk	UK_Y03	3	Number – number and place value	solve number problems and practical problems involving these ideas.
uk:UK_Y03:2:c0912e	uk	UK_Y03	3	Number – addition and subtraction	add and subtract numbers mentally, including: a three-digit number and ones; a three-digit number and tens; a three-digit number and hundreds
uk:UK_Y03:2:516e24	uk	UK_Y03	3	Number – addition and subtraction	add and subtract numbers with up to three digits, using formal written methods of columnar addition and subtraction
uk:UK_Y03:2:40cb74	uk	UK_Y03	3	Number – addition and subtraction	estimate the answer to a calculation and use inverse operations to check answers
uk:UK_Y03:2:aa16f0	uk	UK_Y03	3	Number – addition and subtraction	solve problems, including missing number problems, using number facts, place value, and more complex addition and subtraction.
uk:UK_Y03:3:b768d9	uk	UK_Y03	3	Number – multiplication and division	recall and use multiplication and division facts for the 3, 4 and 8 multiplication tables
uk:UK_Y03:3:7b1bc9	uk	UK_Y03	3	Number – multiplication and division	write and calculate mathematical statements for multiplication and division using the multiplication tables that they know, including for two-digit numbers times one-digit numbers, using mental and progressing to formal written methods
uk:UK_Y03:3:7d36b4	uk	UK_Y03	3	Number – multiplication and division	solve problems, including missing number problems, involving multiplication and division, including positive integer scaling problems and correspondence problems in which n objects are connected to m objects.
uk:UK_Y03:4:8f2c21	uk	UK_Y03	3	Number – fractions	count up and down in tenths; recognise that tenths arise from dividing an object into 10 equal parts and in dividing one-digit numbers or quantities by 10
uk:UK_Y03:4:a9a529	uk	UK_Y03	3	Number – fractions	recognise, find and write fractions of a discrete set of objects: unit fractions and non-unit fractions with small denominators
uk:UK_Y03:4:99f744	uk	UK_Y03	3	Number – fractions	recognise and use fractions as numbers: unit fractions and non-unit fractions with small denominators
uk:UK_Y03:4:60591d	uk	UK_Y03	3	Number – fractions	recognise and show, using diagrams, equivalent fractions with small denominators
uk:UK_Y03:4:8c6ea0	uk	UK_Y03	3	Number – fractions	add and subtract fractions with the same denominator within one whole [for example, 5/7 + 1/7 = 6/7]
uk:UK_Y03:4:b8f37e	uk	UK_Y03	3	Number – fractions	compare and order unit fractions, and fractions with the same denominators
uk:UK_Y03:4:62e2d2	uk	UK_Y03	3	Number – fractions	solve problems that involve all of the above.
uk:UK_Y03:5:d7a9a8	uk	UK_Y03	3	Measurement	measure, compare, add and subtract: lengths (m/cm/mm); mass (kg/g); volume/capacity (l/ml)
uk:UK_Y03:5:c9455a	uk	UK_Y03	3	Measurement	measure the perimeter of simple 2-D shapes
uk:UK_Y03:5:ea3182	uk	UK_Y03	3	Measurement	add and subtract amounts of money to give change, using both £ and p in practical contexts
uk:UK_Y03:5:c8ffbf	uk	UK_Y03	3	Measurement	tell and write the time from an analogue clock, including using Roman numerals from I to XII, and 12-hour and 24-hour clocks
uk:UK_Y03:5:ee409c	uk	UK_Y03	3	Measurement	estimate and read time with increasing accuracy to the nearest minute; record and compare time in terms of seconds, minutes and hours; use vocabulary such as o’clock, a.m./p.m., morning, afternoon, noon and midnight
uk:UK_Y03:5:dc67e5	uk	UK_Y03	3	Measurement	know the number of seconds in a minute and the number of days in each month, year and leap year
uk:UK_Y03:5:623580	uk	UK_Y03	3	Measurement	compare durations of events [for example to calculate the time taken by particular events or tasks].
uk:UK_Y03:6:e29268	uk	UK_Y03	3	Geometry – properties of shapes	draw 2-D shapes and make 3-D shapes using modelling materials; recognise 3-D shapes in different orientations and describe them
uk:UK_Y03:6:31d85a	uk	UK_Y03	3	Geometry – properties of shapes	recognise angles as a property of shape or a description of a turn
uk:UK_Y03:6:914265	uk	UK_Y03	3	Geometry – properties of shapes	identify right angles, recognise that two right angles make a half-turn, three make three quarters of a turn and four a complete turn; identify whether angles are greater than or less than a right angle
uk:UK_Y03:6:607fe9	uk	UK_Y03	3	Geometry – properties of shapes	identify horizontal and vertical lines and pairs of perpendicular and parallel lines.
uk:UK_Y03:7:e30631	uk	UK_Y03	3	Statistics	interpret and present data using bar charts, pictograms and tables
uk:UK_Y03:7:c452f1	uk	UK_Y03	3	Statistics	solve one-step and two-step questions [for example, ‘How many more?’ and ‘How many fewer?’] using information presented in scaled bar charts and pictograms and tables.
uk:UK_Y04:1:b00da0	uk	UK_Y04	4	Number – number and place value	count in multiples of 6, 7, 9, 25 and 1000
uk:UK_Y04:1:99b573	uk	UK_Y04	4	Number – number and place value	find 1000 more or less than a given number
uk:UK_Y04:1:16870b	uk	UK_Y04	4	Number – number and place value	count backwards through zero to include negative numbers
uk:UK_Y04:1:db743f	uk	UK_Y04	4	Number – number and place value	recognise the place value of each digit in a four-digit number (thousands, hundreds, tens, and ones)
uk:UK_Y04:1:93be7f	uk	UK_Y04	4	Number – number and place value	order and compare numbers beyond 1000
uk:UK_Y04:1:2b4555	uk	UK_Y04	4	Number – number and place value	identify, represent and estimate numbers using different representations
uk:UK_Y04:1:30bf24	uk	UK_Y04	4	Number – number and place value	round any number to the nearest 10, 100 or 1000
uk:UK_Y04:1:2da453	uk	UK_Y04	4	Number – number and place value	solve number and practical problems that involve all of the above and with increasingly large positive numbers
uk:UK_Y04:1:3369a0	uk	UK_Y04	4	Number – number and place value	read Roman numerals to 100 (I to C) and know that over time, the numeral system changed to include the concept of zero and place value.
uk:UK_Y04:2:75114f	uk	UK_Y04	4	Number – addition and subtraction	add and subtract numbers with up to 4 digits using the formal written methods of columnar addition and subtraction where appropriate
uk:UK_Y04:2:7018db	uk	UK_Y04	4	Number – addition and subtraction	estimate and use inverse operations to check answers to a calculation
uk:UK_Y04:2:7c4de3	uk	UK_Y04	4	Number – addition and subtraction	solve addition and subtraction two-step problems in contexts, deciding which operations and methods to use and why.
uk:UK_Y04:3:07338e	uk	UK_Y04	4	Number – multiplication and division	recall multiplication and division facts for multiplication tables up to 12 × 12
uk:UK_Y04:3:517670	uk	UK_Y04	4	Number – multiplication and division	use place value, known and derived facts to multiply and divide mentally, including: multiplying by 0 and 1; dividing by 1; multiplying together three numbers
uk:UK_Y04:3:408bc3	uk	UK_Y04	4	Number – multiplication and division	recognise and use factor pairs and commutativity in mental calculations
uk:UK_Y04:3:b03f8d	uk	UK_Y04	4	Number – multiplication and division	multiply two-digit and three-digit numbers by a one-digit number using formal written layout
uk:UK_Y04:3:d97b3e	uk	UK_Y04	4	Number – multiplication and division	solve problems involving multiplying and adding, including using the distributive law to multiply two digit numbers by one digit, integer scaling problems and harder correspondence problems such as n objects are connected to m objects.
uk:UK_Y04:4:b349b3	uk	UK_Y04	4	Number – fractions (including decimals)	recognise and show, using diagrams, families of common equivalent fractions
uk:UK_Y04:4:ae0574	uk	UK_Y04	4	Number – fractions (including decimals)	count up and down in hundredths; recognise that hundredths arise when dividing an object by one hundred and dividing tenths by ten.
uk:UK_Y04:4:78f132	uk	UK_Y04	4	Number – fractions (including decimals)	solve problems involving increasingly harder fractions to calculate quantities, and fractions to divide quantities, including non-unit fractions where the answer is a whole number
uk:UK_Y04:4:7ae569	uk	UK_Y04	4	Number – fractions (including decimals)	add and subtract fractions with the same denominator
uk:UK_Y04:4:ab4c71	uk	UK_Y04	4	Number – fractions (including decimals)	recognise and write decimal equivalents of any number of tenths or hundredths
uk:UK_Y04:4:ab96ac	uk	UK_Y04	4	Number – fractions (including decimals)	recognise and write decimal equivalents to 1/4, 1/2, 3/4
uk:UK_Y04:4:daddb0	uk	UK_Y04	4	Number – fractions (including decimals)	find the effect of dividing a one- or two-digit number by 10 and 100, identifying the value of the digits in the answer as ones, tenths and hundredths
uk:UK_Y04:4:4f9f1f	uk	UK_Y04	4	Number – fractions (including decimals)	round decimals with one decimal place to the nearest whole number
uk:UK_Y04:4:73961c	uk	UK_Y04	4	Number – fractions (including decimals)	compare numbers with the same number of decimal places up to two decimal places
uk:UK_Y04:4:25c14e	uk	UK_Y04	4	Number – fractions (including decimals)	solve simple measure and money problems involving fractions and decimals to two decimal places.
uk:UK_Y04:5:1b7acd	uk	UK_Y04	4	Measurement	Convert between different units of measure [for example, kilometre to metre; hour to minute]
uk:UK_Y04:5:8ca07d	uk	UK_Y04	4	Measurement	measure and calculate the perimeter of a rectilinear figure (including squares) in centimetres and metres
uk:UK_Y04:5:d1acf5	uk	UK_Y04	4	Measurement	find the area of rectilinear shapes by counting squares
uk:UK_Y04:5:9d03a7	uk	UK_Y04	4	Measurement	estimate, compare and calculate different measures, including money in pounds and pence
uk:UK_Y04:5:7aa7df	uk	UK_Y04	4	Measurement	read, write and convert time between analogue and digital 12- and 24-hour clocks
uk:UK_Y04:5:9f9729	uk	UK_Y04	4	Measurement	solve problems involving converting from hours to minutes; minutes to seconds; years to months; weeks to days.
uk:UK_Y04:6:de7988	uk	UK_Y04	4	Geometry – properties of shapes	compare and classify geometric shapes, including quadrilaterals and triangles, based on their properties and sizes
uk:UK_Y04:6:ac6fba	uk	UK_Y04	4	Geometry – properties of shapes	identify acute and obtuse angles and compare and order angles up to two right angles by size
uk:UK_Y04:6:67af1b	uk	UK_Y04	4	Geometry – properties of shapes	identify lines of symmetry in 2-D shapes presented in different orientations
uk:UK_Y04:6:9b9ba0	uk	UK_Y04	4	Geometry – properties of shapes	complete a simple symmetric figure with respect to a specific line of symmetry.
uk:UK_Y04:7:a5d993	uk	UK_Y04	4	Geometry – position and direction	describe positions on a 2-D grid as coordinates in the first quadrant
uk:UK_Y04:7:84b9ab	uk	UK_Y04	4	Geometry – position and direction	describe movements between positions as translations of a given unit to the left/right and up/down
uk:UK_Y04:7:e7923a	uk	UK_Y04	4	Geometry – position and direction	plot specified points and draw sides to complete a given polygon.
uk:UK_Y04:8:8ef6da	uk	UK_Y04	4	Statistics	interpret and present discrete and continuous data using appropriate graphical methods, including bar charts and time graphs.
uk:UK_Y04:8:63f30f	uk	UK_Y04	4	Statistics	solve comparison, sum and difference problems using information presented in bar charts, pictograms, tables and other graphs.
uk:UK_Y05:1:9e212b	uk	UK_Y05	5	Number – number and place value	read, write, order and compare numbers to at least 1 000 000 and determine the value of each digit
uk:UK_Y05:1:75794f	uk	UK_Y05	5	Number – number and place value	count forwards or backwards in steps of powers of 10 for any given number up to 1 000 000
uk:UK_Y05:1:5deccb	uk	UK_Y05	5	Number – number and place value	interpret negative numbers in context, count forwards and backwards with positive and negative whole numbers, including through zero
uk:UK_Y05:1:c9792f	uk	UK_Y05	5	Number – number and place value	round any number up to 1 000 000 to the nearest 10, 100, 1000, 10 000 and 100 000
uk:UK_Y05:1:c2b873	uk	UK_Y05	5	Number – number and place value	solve number problems and practical problems that involve all of the above
uk:UK_Y05:1:ffde53	uk	UK_Y05	5	Number – number and place value	read Roman numerals to 1000 (M) and recognise years written in Roman numerals.
uk:UK_Y05:2:52ab6b	uk	UK_Y05	5	Number – addition and subtraction	add and subtract whole numbers with more than 4 digits, including using formal written methods (columnar addition and subtraction)
uk:UK_Y05:2:080b2c	uk	UK_Y05	5	Number – addition and subtraction	add and subtract numbers mentally with increasingly large numbers
uk:UK_Y05:2:c1ad09	uk	UK_Y05	5	Number – addition and subtraction	use rounding to check answers to calculations and determine, in the context of a problem, levels of accuracy
uk:UK_Y05:2:df7090	uk	UK_Y05	5	Number – addition and subtraction	solve addition and subtraction multi-step problems in contexts, deciding which operations and methods to use and why.
uk:UK_Y05:3:6e2812	uk	UK_Y05	5	Number – multiplication and division	identify multiples and factors, including finding all factor pairs of a number, and common factors of two numbers
uk:UK_Y05:3:b8183c	uk	UK_Y05	5	Number – multiplication and division	know and use the vocabulary of prime numbers, prime factors and composite (non-prime) numbers
uk:UK_Y05:3:f500f5	uk	UK_Y05	5	Number – multiplication and division	establish whether a number up to 100 is prime and recall prime numbers up to 19
uk:UK_Y05:3:1ca8b3	uk	UK_Y05	5	Number – multiplication and division	multiply numbers up to 4 digits by a one- or two-digit number using a formal written method, including long multiplication for two-digit numbers
uk:UK_Y05:3:c4b2dc	uk	UK_Y05	5	Number – multiplication and division	multiply and divide numbers mentally drawing upon known facts
uk:UK_Y05:3:786aba	uk	UK_Y05	5	Number – multiplication and division	divide numbers up to 4 digits by a one-digit number using the formal written method of short division and interpret remainders appropriately for the context
uk:UK_Y05:3:013392	uk	UK_Y05	5	Number – multiplication and division	multiply and divide whole numbers and those involving decimals by 10, 100 and 1000
uk:UK_Y05:3:fa5154	uk	UK_Y05	5	Number – multiplication and division	recognise and use square numbers and cube numbers, and the notation for squared (²) and cubed (³)
uk:UK_Y05:3:ec9155	uk	UK_Y05	5	Number – multiplication and division	solve problems involving multiplication and division including using their knowledge of factors and multiples, squares and cubes
uk:UK_Y05:3:d07b2d	uk	UK_Y05	5	Number – multiplication and division	solve problems involving addition, subtraction, multiplication and division and a combination of these, including understanding the meaning of the equals sign
uk:UK_Y05:3:781278	uk	UK_Y05	5	Number – multiplication and division	solve problems involving multiplication and division, including scaling by simple fractions and problems involving simple rates.
uk:UK_Y05:4:73664f	uk	UK_Y05	5	Number – fractions (including decimals and percentages)	compare and order fractions whose denominators are all multiples of the same number
uk:UK_Y05:4:22714e	uk	UK_Y05	5	Number – fractions (including decimals and percentages)	identify, name and write equivalent fractions of a given fraction, represented visually, including tenths and hundredths
uk:UK_Y05:4:0a7bf1	uk	UK_Y05	5	Number – fractions (including decimals and percentages)	recognise mixed numbers and improper fractions and convert from one form to the other and write mathematical statements > 1 as a mixed number [for example, 2/5 + 4/5 = 6/5 = 1 1/5]
uk:UK_Y05:4:bad438	uk	UK_Y05	5	Number – fractions (including decimals and percentages)	add and subtract fractions with the same denominator and denominators that are multiples of the same number
uk:UK_Y05:4:40cefe	uk	UK_Y05	5	Number – fractions (including decimals and percentages)	multiply proper fractions and mixed numbers by whole numbers, supported by materials and diagrams
uk:UK_Y05:4:5aee78	uk	UK_Y05	5	Number – fractions (including decimals and percentages)	read and write decimal numbers as fractions [for example, 0.71 = 71/100]
uk:UK_Y05:4:bc8485	uk	UK_Y05	5	Number – fractions (including decimals and percentages)	recognise and use thousandths and relate them to tenths, hundredths and decimal equivalents
uk:UK_Y05:4:2ccd4c	uk	UK_Y05	5	Number – fractions (including decimals and percentages)	round decimals with two decimal places to the nearest whole number and to one decimal place
uk:UK_Y05:4:b35a09	uk	UK_Y05	5	Number – fractions (including decimals and percentages)	read, write, order and compare numbers with up to three decimal places
uk:UK_Y05:4:a5dc5f	uk	UK_Y05	5	Number – fractions (including decimals and percentages)	solve problems involving number up to three decimal places
uk:UK_Y05:4:20592c	uk	UK_Y05	5	Number – fractions (including decimals and percentages)	recognise the per cent symbol (%) and understand that per cent relates to ‘number of parts per hundred’, and write percentages as a fraction with denominator 100, and as a decimal
uk:UK_Y05:4:21df82	uk	UK_Y05	5	Number – fractions (including decimals and percentages)	solve problems which require knowing percentage and decimal equivalents of 1/2, 1/4, 1/5, 2/5, 4/5 and those fractions with a denominator of a multiple of 10 or 25.
uk:UK_Y05:5:264093	uk	UK_Y05	5	Measurement	convert between different units of metric measure (for example, kilometre and metre; centimetre and metre; centimetre and millimetre; gram and kilogram; litre and millilitre)
uk:UK_Y05:5:05ca97	uk	UK_Y05	5	Measurement	understand and use approximate equivalences between metric units and common imperial units such as inches, pounds and pints
uk:UK_Y05:5:2d015f	uk	UK_Y05	5	Measurement	measure and calculate the perimeter of composite rectilinear shapes in centimetres and metres
uk:UK_Y05:5:190137	uk	UK_Y05	5	Measurement	calculate and compare the area of rectangles (including squares), and including using standard units, square centimetres (cm²) and square metres (m²) and estimate the area of irregular shapes
uk:UK_Y05:5:fb7bd2	uk	UK_Y05	5	Measurement	estimate volume [for example, using 1 cm³ blocks to build cuboids (including cubes)] and capacity [for example, using water]
uk:UK_Y05:5:4e761c	uk	UK_Y05	5	Measurement	solve problems involving converting between units of time
uk:UK_Y05:5:271f9a	uk	UK_Y05	5	Measurement	use all four operations to solve problems involving measure [for example, length, mass, volume, money] using decimal notation, including scaling.
uk:UK_Y05:6:35111d	uk	UK_Y05	5	Geometry – properties of shapes	identify 3-D shapes, including cubes and other cuboids, from 2-D representations
uk:UK_Y05:6:5742b3	uk	UK_Y05	5	Geometry – properties of shapes	know angles are measured in degrees: estimate and compare acute, obtuse and reflex angles
uk:UK_Y05:6:91f244	uk	UK_Y05	5	Geometry – properties of shapes	draw given angles, and measure them in degrees (°)
uk:UK_Y05:6:42313d	uk	UK_Y05	5	Geometry – properties of shapes	identify: angles at a point and one whole turn (total 360°); angles at a point on a straight line and 1/2 a turn (total 180°); other multiples of 90°
uk:UK_Y05:6:f30227	uk	UK_Y05	5	Geometry – properties of shapes	use the properties of rectangles to deduce related facts and find missing lengths and angles
uk:UK_Y05:6:43956d	uk	UK_Y05	5	Geometry – properties of shapes	distinguish between regular and irregular polygons based on reasoning about equal sides and angles.
uk:UK_Y05:7:d1329c	uk	UK_Y05	5	Geometry – position and direction	identify, describe and represent the position of a shape following a reflection or translation, using the appropriate language, and know that the shape has not changed.
uk:UK_Y05:8:1f288e	uk	UK_Y05	5	Statistics	solve comparison, sum and difference problems using information presented in a line graph
uk:UK_Y05:8:3ea8a9	uk	UK_Y05	5	Statistics	complete, read and interpret information in tables, including timetables.
uk:UK_Y06:1:93b7eb	uk	UK_Y06	6	Number – number and place value	read, write, order and compare numbers up to 10 000 000 and determine the value of each digit
uk:UK_Y06:1:0836e8	uk	UK_Y06	6	Number – number and place value	round any whole number to a required degree of accuracy
uk:UK_Y06:1:bb404f	uk	UK_Y06	6	Number – number and place value	use negative numbers in context, and calculate intervals across zero
uk:UK_Y06:1:a5c1cc	uk	UK_Y06	6	Number – number and place value	solve number and practical problems that involve all of the above.
uk:UK_Y06:2:b5596b	uk	UK_Y06	6	Number – addition, subtraction, multiplication and division	multiply multi-digit numbers up to 4 digits by a two-digit whole number using the formal written method of long multiplication
uk:UK_Y06:2:39ca78	uk	UK_Y06	6	Number – addition, subtraction, multiplication and division	divide numbers up to 4 digits by a two-digit whole number using the formal written method of long division, and interpret remainders as whole number remainders, fractions, or by rounding, as appropriate for the context
uk:UK_Y06:2:e71ce4	uk	UK_Y06	6	Number – addition, subtraction, multiplication and division	divide numbers up to 4 digits by a two-digit number using the formal written method of short division where appropriate, interpreting remainders according to the context
uk:UK_Y06:2:8280e2	uk	UK_Y06	6	Number – addition, subtraction, multiplication and division	perform mental calculations, including with mixed operations and large numbers
uk:UK_Y06:2:c00d55	uk	UK_Y06	6	Number – addition, subtraction, multiplication and division	identify common factors, common multiples and prime numbers
uk:UK_Y06:2:3edad5	uk	UK_Y06	6	Number – addition, subtraction, multiplication and division	use their knowledge of the order of operations to carry out calculations involving the four operations
uk:UK_Y06:2:d91033	uk	UK_Y06	6	Number – addition, subtraction, multiplication and division	solve addition and subtraction multi-step problems in contexts, deciding which operations and methods to use and why
uk:UK_Y06:2:962c19	uk	UK_Y06	6	Number – addition, subtraction, multiplication and division	solve problems involving addition, subtraction, multiplication and division
uk:UK_Y06:2:bda9c3	uk	UK_Y06	6	Number – addition, subtraction, multiplication and division	use estimation to check answers to calculations and determine, in the context of a problem, an appropriate degree of accuracy.
uk:UK_Y06:3:5f00e5	uk	UK_Y06	6	Number – fractions (including decimals and percentages)	use common factors to simplify fractions; use common multiples to express fractions in the same denomination
uk:UK_Y06:3:f1a6d3	uk	UK_Y06	6	Number – fractions (including decimals and percentages)	compare and order fractions, including fractions > 1
uk:UK_Y06:3:7dfd48	uk	UK_Y06	6	Number – fractions (including decimals and percentages)	add and subtract fractions with different denominators and mixed numbers, using the concept of equivalent fractions
uk:UK_Y06:3:5d4aa9	uk	UK_Y06	6	Number – fractions (including decimals and percentages)	multiply simple pairs of proper fractions, writing the answer in its simplest form [for example, 1/4 × 1/2 = 1/8]
uk:UK_Y06:3:2e5424	uk	UK_Y06	6	Number – fractions (including decimals and percentages)	divide proper fractions by whole numbers [for example, 1/3 ÷ 2 = 1/6]
uk:UK_Y06:3:f61020	uk	UK_Y06	6	Number – fractions (including decimals and percentages)	associate a fraction with division and calculate decimal fraction equivalents [for example, 0.375] for a simple fraction [for example, 3/8]
uk:UK_Y06:3:3f19b8	uk	UK_Y06	6	Number – fractions (including decimals and percentages)	identify the value of each digit in numbers given to three decimal places and multiply and divide numbers by 10, 100 and 1000 giving answers up to three decimal places
uk:UK_Y06:3:97d091	uk	UK_Y06	6	Number – fractions (including decimals and percentages)	multiply one-digit numbers with up to two decimal places by whole numbers
uk:UK_Y06:3:d64c64	uk	UK_Y06	6	Number – fractions (including decimals and percentages)	use written division methods in cases where the answer has up to two decimal places
uk:UK_Y06:3:c6dae1	uk	UK_Y06	6	Number – fractions (including decimals and percentages)	solve problems which require answers to be rounded to specified degrees of accuracy
uk:UK_Y06:3:20d784	uk	UK_Y06	6	Number – fractions (including decimals and percentages)	recall and use equivalences between simple fractions, decimals and percentages, including in different contexts.
uk:UK_Y06:4:2d83f4	uk	UK_Y06	6	Ratio and proportion	solve problems involving the relative sizes of two quantities where missing values can be found by using integer multiplication and division facts
uk:UK_Y06:4:eb9c6e	uk	UK_Y06	6	Ratio and proportion	solve problems involving the calculation of percentages [for example, of measures, and such as 15% of 360] and the use of percentages for comparison
uk:UK_Y06:4:412d45	uk	UK_Y06	6	Ratio and proportion	solve problems involving similar shapes where the scale factor is known or can be found
uk:UK_Y06:4:94b7f5	uk	UK_Y06	6	Ratio and proportion	solve problems involving unequal sharing and grouping using knowledge of fractions and multiples.
uk:UK_Y06:5:25400c	uk	UK_Y06	6	Algebra	use simple formulae
uk:UK_Y06:5:12983e	uk	UK_Y06	6	Algebra	generate and describe linear number sequences
uk:UK_Y06:5:01c2e1	uk	UK_Y06	6	Algebra	express missing number problems algebraically
uk:UK_Y06:5:546d5d	uk	UK_Y06	6	Algebra	find pairs of numbers that satisfy an equation with two unknowns
uk:UK_Y06:5:cd0997	uk	UK_Y06	6	Algebra	enumerate possibilities of combinations of two variables.
uk:UK_Y06:6:a49eb9	uk	UK_Y06	6	Measurement	solve problems involving the calculation and conversion of units of measure, using decimal notation up to three decimal places where appropriate
uk:UK_Y06:6:ccebfd	uk	UK_Y06	6	Measurement	use, read, write and convert between standard units, converting measurements of length, mass, volume and time from a smaller unit of measure to a larger unit, and vice versa, using decimal notation to up to three decimal places
uk:UK_Y06:6:18ba69	uk	UK_Y06	6	Measurement	convert between miles and kilometres
uk:UK_Y06:6:53e1fc	uk	UK_Y06	6	Measurement	recognise that shapes with the same areas can have different perimeters and vice versa
uk:UK_Y06:6:f9cfb1	uk	UK_Y06	6	Measurement	recognise when it is possible to use formulae for area and volume of shapes
uk:UK_Y06:6:5f9652	uk	UK_Y06	6	Measurement	calculate the area of parallelograms and triangles
uk:UK_Y06:6:0e18a6	uk	UK_Y06	6	Measurement	calculate, estimate and compare volume of cubes and cuboids using standard units, including cubic centimetres (cm³) and cubic metres (m³), and extending to other units [for example, mm³ and km³].
uk:UK_Y06:7:d26412	uk	UK_Y06	6	Geometry – properties of shapes	draw 2-D shapes using given dimensions and angles
uk:UK_Y06:7:b5c5da	uk	UK_Y06	6	Geometry – properties of shapes	recognise, describe and build simple 3-D shapes, including making nets
uk:UK_Y06:7:42fba1	uk	UK_Y06	6	Geometry – properties of shapes	compare and classify geometric shapes based on their properties and sizes and find unknown angles in any triangles, quadrilaterals, and regular polygons
uk:UK_Y06:7:e89c05	uk	UK_Y06	6	Geometry – properties of shapes	illustrate and name parts of circles, including radius, diameter and circumference and know that the diameter is twice the radius
uk:UK_Y06:7:1ee993	uk	UK_Y06	6	Geometry – properties of shapes	recognise angles where they meet at a point, are on a straight line, or are vertically opposite, and find missing angles.
uk:UK_Y06:8:477b30	uk	UK_Y06	6	Geometry – position and direction	describe positions on the full coordinate grid (all four quadrants)
uk:UK_Y06:8:bfe246	uk	UK_Y06	6	Geometry – position and direction	draw and translate simple shapes on the coordinate plane, and reflect them in the axes.
uk:UK_Y06:9:6fddeb	uk	UK_Y06	6	Statistics	interpret and construct pie charts and line graphs and use these to solve problems
uk:UK_Y06:9:96dccd	uk	UK_Y06	6	Statistics	calculate and interpret the mean as an average.
